date,genre,predicted_sales,predicted_sales_low,predicted_sales_high
2019-09-01,all,3304633,3299574,3651207
2019-09-02,all,2865874,2861479,3157284
2019-09-03,all,2805866,2801565,3090858
2019-09-04,all,4604807,4597811,5093674
2019-09-05,all,5166791,5158871,5703279
2019-09-06,all,6269787,6260202,6895860
2019-09-07,all,6567953,6557916,7217511
2019-09-08,all,7155693,7144759,7854082
2019-09-09,all,7283524,7272385,7991752
2019-09-10,all,7649371,7637663,8387744
2019-09-11,all,9380292,9365998,10257966
2019-09-12,all,5437562,5429269,5939653
2019-09-13,all,4616613,4609567,5051369
2019-09-14,all,4939079,4931563,5410481
2019-09-15,all,6857828,6847425,7528949
2019-09-16,all,4292176,4285640,4698990
2019-09-17,all,4282224,4275713,4687569
2019-09-18,all,3380310,3375175,3712185
2019-09-19,all,3834031,3828207,4213548
2019-09-20,all,5278175,5270183,5821650
2019-09-21,all,4779660,4772424,5248809
2019-09-22,all,5383788,5375638,5906057
2019-09-23,all,4827713,4820377,5287948
2019-09-24,all,6031626,6022484,6623417
2019-09-25,all,6684581,6674459,7341125
2019-09-26,all,4670248,4663130,5112996
2019-09-27,all,4560528,4553569,4994003
2019-09-28,all,4655663,4648558,5105385
2019-09-29,all,4991613,4983985,5475145
2019-09-30,all,6385321,6375586,7017177
2019-09-01,100181,122,122,131
2019-09-01,100487,53440,53362,65154
2019-09-01,100992,478,478,549
2019-09-01,101020,19613,19585,21651
2019-09-01,101535,4881,4874,5952
2019-09-01,101954,1233,1231,1504
2019-09-01,110365,859,858,925
2019-09-01,110409,33,33,40
2019-09-01,110435,11577,11560,12466
2019-09-01,110632,650,649,793
2019-09-01,200181,4318,4312,4960
2019-09-01,201184,26222,26182,28236
2019-09-01,201351,36999,36946,39843
2019-09-01,201632,746,746,804
2019-09-01,201925,471,469,507
2019-09-01,204586,18,18,20
2019-09-01,205582,432593,431967,527542
2019-09-01,205611,5986,5977,6445
2019-09-01,205761,3014,3010,3462
2019-09-01,206361,17725,17699,19088
2019-09-01,206363,99810,99664,107478
2019-09-01,206440,53361,53286,57462
2019-09-01,206471,86554,86429,93204
2019-09-01,207288,18817,18791,20262
2019-09-01,207774,1096,1094,1180
2019-09-01,208532,9,9,11
2019-09-01,210413,0,0,0
2019-09-01,212377,13,13,14
2019-09-01,214099,1118,1117,1297
2019-09-01,214104,8,8,10
2019-09-01,214781,51242,51158,55179
2019-09-01,215430,0,0,0
2019-09-01,215913,1390,1388,1695
2019-09-01,216158,86531,86406,93179
2019-09-01,216173,16229,16206,17476
2019-09-01,216424,21722,21691,23392
2019-09-01,301577,112673,112511,121330
2019-09-01,304080,807,806,869
2019-09-01,304763,137,137,148
2019-09-01,401131,1869,1867,2063
2019-09-01,401534,12076,12024,13005
2019-09-01,402279,4822,4813,5193
2019-09-01,407120,1106,1105,1271
2019-09-01,408789,7580,7558,8164
2019-09-01,501098,12,12,13
2019-09-01,502221,30732,30687,37466
2019-09-01,502280,12235,12219,13174
2019-09-01,502835,11265,11248,12130
2019-09-01,506536,1559,1557,1679
2019-09-01,506539,566748,565926,610291
2019-09-01,507843,71883,71779,77406
2019-09-01,508456,2215,2212,2385
2019-09-01,508599,1157,1156,1245
2019-09-01,509417,11226,11210,13690
2019-09-01,509434,161841,161607,185957
2019-09-01,510003,11322,11306,12192
2019-09-01,511293,177,177,216
2019-09-01,551180,83408,83081,89816
2019-09-01,551228,5204,5195,5604
2019-09-01,551732,14467,14447,16624
2019-09-01,551736,15219,15198,16798
2019-09-01,558846,38687,38631,41660
2019-09-01,558873,56746,56653,61107
2019-09-01,560271,46647,46577,50230
2019-09-01,563339,79275,79160,85366
2019-09-01,563342,47832,47763,51507
2019-09-01,563689,13519,13500,14557
2019-09-01,564647,89,89,109
2019-09-01,564895,8109,8097,9318
2019-09-01,565724,32824,32777,35346
2019-09-01,566061,19,19,20
2019-09-01,566647,13717,13697,14771
2019-09-01,567434,110,110,134
2019-09-01,567538,7579,7568,8366
2019-09-01,567623,25598,25558,27565
2019-09-01,567645,12625,12606,14506
2019-09-01,567662,273580,273183,294599
2019-09-01,567664,447059,446410,481406
2019-09-02,100181,104,104,112
2019-09-02,100487,46070,46002,56168
2019-09-02,100992,471,471,541
2019-09-02,101020,18654,18627,20593
2019-09-02,101535,4363,4357,5320
2019-09-02,101954,1220,1218,1488
2019-09-02,110365,1371,1369,1477
2019-09-02,110409,32,32,39
2019-09-02,110435,10247,10232,11035
2019-09-02,110632,600,599,732
2019-09-02,200181,3971,3965,4561
2019-09-02,201184,22594,22561,24330
2019-09-02,201351,36614,36562,39426
2019-09-02,201632,693,693,747
2019-09-02,201925,447,445,482
2019-09-02,204586,13,13,14
2019-09-02,205582,318563,318102,388483
2019-09-02,205611,4781,4773,5147
2019-09-02,205761,2987,2984,3431
2019-09-02,206361,17583,17557,18934
2019-09-02,206363,97273,97131,104746
2019-09-02,206440,45645,45580,49152
2019-09-02,206471,75071,74963,80840
2019-09-02,207288,16735,16711,18021
2019-09-02,207774,987,986,1063
2019-09-02,208532,8,8,10
2019-09-02,210413,0,0,0
2019-09-02,212377,12,12,13
2019-09-02,214099,951,950,1103
2019-09-02,214104,8,8,10
2019-09-02,214781,49851,49769,53681
2019-09-02,215430,0,0,0
2019-09-02,215913,1107,1105,1350
2019-09-02,216158,87892,87765,94645
2019-09-02,216173,15297,15276,16473
2019-09-02,216424,19780,19752,21301
2019-09-02,301577,113882,113718,122631
2019-09-02,304080,721,720,776
2019-09-02,304763,119,119,128
2019-09-02,401131,1805,1803,1992
2019-09-02,401534,12637,12584,13608
2019-09-02,402279,4824,4815,5194
2019-09-02,407120,1612,1610,1853
2019-09-02,408789,7317,7296,7880
2019-09-02,501098,11,11,12
2019-09-02,502221,21678,21646,26427
2019-09-02,502280,9489,9476,10218
2019-09-02,502835,9846,9833,10602
2019-09-02,506536,2734,2731,2945
2019-09-02,506539,493154,492439,531043
2019-09-02,507843,68322,68224,73573
2019-09-02,508456,645,644,694
2019-09-02,508599,1312,1311,1413
2019-09-02,509417,9277,9264,11313
2019-09-02,509434,134091,133897,154072
2019-09-02,510003,11771,11755,12675
2019-09-02,511293,152,152,185
2019-09-02,551180,73334,73046,78967
2019-09-02,551228,3967,3960,4271
2019-09-02,551732,11814,11797,13575
2019-09-02,551736,13815,13797,15250
2019-09-02,558846,33114,33065,35659
2019-09-02,558873,57458,57365,61874
2019-09-02,560271,45392,45324,48882
2019-09-02,563339,75166,75057,80941
2019-09-02,563342,48018,47948,51707
2019-09-02,563689,13132,13113,14141
2019-09-02,564647,84,84,102
2019-09-02,564895,6870,6860,7894
2019-09-02,565724,29328,29285,31581
2019-09-02,566061,17,17,18
2019-09-02,566647,10158,10143,10938
2019-09-02,567434,108,108,132
2019-09-02,567538,6680,6671,7374
2019-09-02,567623,24660,24622,26554
2019-09-02,567645,11755,11739,13506
2019-09-02,567662,244544,244189,263332
2019-09-02,567664,349066,348559,375884
2019-09-03,100181,118,118,127
2019-09-03,100487,43160,43097,52621
2019-09-03,100992,482,481,553
2019-09-03,101020,18683,18656,20625
2019-09-03,101535,4182,4176,5100
2019-09-03,101954,1246,1244,1520
2019-09-03,110365,1348,1346,1451
2019-09-03,110409,39,39,48
2019-09-03,110435,10306,10291,11098
2019-09-03,110632,593,592,723
2019-09-03,200181,3819,3814,4387
2019-09-03,201184,23456,23421,25259
2019-09-03,201351,35664,35613,38404
2019-09-03,201632,770,770,830
2019-09-03,201925,445,443,479
2019-09-03,204586,470,469,519
2019-09-03,205582,314849,314392,383954
2019-09-03,205611,4501,4495,4846
2019-09-03,205761,4348,4342,4995
2019-09-03,206361,18150,18123,19545
2019-09-03,206363,127359,127173,137144
2019-09-03,206440,51020,50948,54941
2019-09-03,206471,77383,77271,83328
2019-09-03,207288,15002,14980,16154
2019-09-03,207774,1080,1078,1163
2019-09-03,208532,8,8,10
2019-09-03,210413,0,0,0
2019-09-03,212377,13,13,14
2019-09-03,214099,960,959,1114
2019-09-03,214104,8,8,10
2019-09-03,214781,48780,48699,52527
2019-09-03,215430,0,0,0
2019-09-03,215913,1032,1031,1259
2019-09-03,216158,87196,87070,93895
2019-09-03,216173,14636,14616,15761
2019-09-03,216424,17468,17443,18810
2019-09-03,301577,117337,117168,126353
2019-09-03,304080,712,711,766
2019-09-03,304763,122,122,131
2019-09-03,401131,1683,1681,1858
2019-09-03,401534,12166,12113,13101
2019-09-03,402279,4172,4165,4493
2019-09-03,407120,1643,1641,1888
2019-09-03,408789,7467,7445,8042
2019-09-03,501098,12,12,13
2019-09-03,502221,17820,17794,21725
2019-09-03,502280,8629,8617,9291
2019-09-03,502835,9922,9907,10684
2019-09-03,506536,2482,2479,2674
2019-09-03,506539,470693,470010,506858
2019-09-03,507843,70902,70800,76349
2019-09-03,508456,614,613,661
2019-09-03,508599,1268,1267,1366
2019-09-03,509417,9644,9630,11761
2019-09-03,509434,125360,125179,144039
2019-09-03,510003,12387,12369,13339
2019-09-03,511293,151,151,184
2019-09-03,551180,67026,66763,72173
2019-09-03,551228,3845,3838,4140
2019-09-03,551732,11885,11868,13656
2019-09-03,551736,13902,13884,15345
2019-09-03,558846,31866,31820,34315
2019-09-03,558873,58050,57955,62511
2019-09-03,560271,42228,42165,45474
2019-09-03,563339,74080,73972,79771
2019-09-03,563342,45814,45747,49334
2019-09-03,563689,12766,12747,13747
2019-09-03,564647,83,83,101
2019-09-03,564895,6058,6049,6962
2019-09-03,565724,27408,27368,29513
2019-09-03,566061,17,17,18
2019-09-03,566647,9559,9545,10293
2019-09-03,567434,108,108,132
2019-09-03,567538,15337,15316,16931
2019-09-03,567623,23735,23698,25559
2019-09-03,567645,11866,11849,13635
2019-09-03,567662,226232,225903,243613
2019-09-03,567664,320241,319777,344845
2019-09-04,100181,122,122,131
2019-09-04,100487,82816,82695,100968
2019-09-04,100992,590,589,678
2019-09-04,101020,24725,24689,27295
2019-09-04,101535,7028,7018,8571
2019-09-04,101954,1275,1273,1555
2019-09-04,110365,1835,1833,1976
2019-09-04,110409,61,61,74
2019-09-04,110435,16587,16563,17861
2019-09-04,110632,730,729,890
2019-09-04,200181,1911,1908,2195
2019-09-04,201184,26868,26828,28932
2019-09-04,201351,45505,45439,49001
2019-09-04,201632,1594,1593,1717
2019-09-04,201925,475,473,512
2019-09-04,204586,600,599,662
2019-09-04,205582,665789,664824,811919
2019-09-04,205611,16301,16278,17555
2019-09-04,205761,8248,8236,9472
2019-09-04,206361,23079,23045,24853
2019-09-04,206363,120207,120031,129442
2019-09-04,206440,114940,114774,123771
2019-09-04,206471,85439,85316,92004
2019-09-04,207288,24935,24901,26853
2019-09-04,207774,1648,1646,1775
2019-09-04,208532,9,9,11
2019-09-04,210413,0,0,0
2019-09-04,212377,13,13,14
2019-09-04,214099,973,972,1129
2019-09-04,214104,8,8,10
2019-09-04,214781,83966,83827,90417
2019-09-04,215430,0,0,0
2019-09-04,215913,1359,1357,1657
2019-09-04,216158,102664,102516,110551
2019-09-04,216173,26898,26857,28965
2019-09-04,216424,27778,27739,29911
2019-09-04,301577,121900,121725,131266
2019-09-04,304080,2084,2082,2243
2019-09-04,304763,181,181,195
2019-09-04,401131,2754,2750,3040
2019-09-04,401534,17056,16981,18366
2019-09-04,402279,5325,5316,5735
2019-09-04,407120,1804,1802,2073
2019-09-04,408789,16067,16020,17300
2019-09-04,501098,12,12,13
2019-09-04,502221,40053,39995,48830
2019-09-04,502280,15593,15569,16791
2019-09-04,502835,16829,16804,18123
2019-09-04,506536,2969,2966,3197
2019-09-04,506539,715703,714665,770691
2019-09-04,507843,111592,111429,120166
2019-09-04,508456,641,640,690
2019-09-04,508599,1263,1262,1360
2019-09-04,509417,13150,13131,16037
2019-09-04,509434,171829,171579,197433
2019-09-04,510003,27348,27309,29450
2019-09-04,511293,234,234,285
2019-09-04,551180,85376,85041,91936
2019-09-04,551228,8225,8211,8856
2019-09-04,551732,13568,13549,15591
2019-09-04,551736,17574,17551,19399
2019-09-04,558846,50770,50696,54670
2019-09-04,558873,82819,82684,89182
2019-09-04,560271,44430,44366,47845
2019-09-04,563339,151942,151721,163615
2019-09-04,563342,71498,71394,76991
2019-09-04,563689,22469,22436,24195
2019-09-04,564647,87,87,106
2019-09-04,564895,9530,9517,10950
2019-09-04,565724,38206,38151,41141
2019-09-04,566061,36,36,39
2019-09-04,566647,13490,13470,14526
2019-09-04,567434,123,123,150
2019-09-04,567538,29259,29217,32299
2019-09-04,567623,33135,33083,35681
2019-09-04,567645,29042,28999,33371
2019-09-04,567662,427014,426395,459821
2019-09-04,567664,674851,673871,726699
2019-09-05,100181,122,122,131
2019-09-05,100487,103921,103769,126701
2019-09-05,100992,660,659,758
2019-09-05,101020,24966,24929,27561
2019-09-05,101535,12681,12663,15465
2019-09-05,101954,1410,1408,1720
2019-09-05,110365,2054,2051,2212
2019-09-05,110409,63,63,77
2019-09-05,110435,15375,15353,16557
2019-09-05,110632,730,729,890
2019-09-05,200181,1625,1623,1866
2019-09-05,201184,30860,30814,33231
2019-09-05,201351,46649,46581,50233
2019-09-05,201632,2007,2006,2162
2019-09-05,201925,475,473,512
2019-09-05,204586,600,599,662
2019-09-05,205582,668949,667979,815774
2019-09-05,205611,42156,42096,45396
2019-09-05,205761,8448,8435,9704
2019-09-05,206361,24449,24413,26328
2019-09-05,206363,188827,188550,203334
2019-09-05,206440,155038,154813,166949
2019-09-05,206471,122789,122611,132224
2019-09-05,207288,27396,27357,29500
2019-09-05,207774,1940,1937,2089
2019-09-05,208532,9,9,11
2019-09-05,210413,0,0,0
2019-09-05,212377,13,13,14
2019-09-05,214099,971,970,1126
2019-09-05,214104,403,402,491
2019-09-05,214781,58280,58183,62758
2019-09-05,215430,0,0,0
2019-09-05,215913,1272,1270,1551
2019-09-05,216158,109342,109184,117742
2019-09-05,216173,28223,28180,30391
2019-09-05,216424,29151,29111,31391
2019-09-05,301577,141089,140885,151929
2019-09-05,304080,2084,2082,2243
2019-09-05,304763,171,171,184
2019-09-05,401131,7158,7148,7901
2019-09-05,401534,21447,21355,23096
2019-09-05,402279,5746,5736,6189
2019-09-05,407120,2073,2070,2382
2019-09-05,408789,20334,20276,21895
2019-09-05,501098,13,13,15
2019-09-05,502221,32248,32202,39314
2019-09-05,502280,17940,17915,19317
2019-09-05,502835,20464,20434,22037
2019-09-05,506536,2731,2728,2940
2019-09-05,506539,901415,900107,970671
2019-09-05,507843,130407,130218,140425
2019-09-05,508456,2181,2178,2348
2019-09-05,508599,1412,1411,1521
2019-09-05,509417,15270,15248,18622
2019-09-05,509434,179827,179566,206623
2019-09-05,510003,29684,29642,31965
2019-09-05,511293,234,234,285
2019-09-05,551180,122149,121670,131534
2019-09-05,551228,10876,10857,11711
2019-09-05,551732,16846,16821,19357
2019-09-05,551736,17206,17183,18993
2019-09-05,558846,68441,68342,73701
2019-09-05,558873,94727,94570,102004
2019-09-05,560271,46272,46206,49829
2019-09-05,563339,155551,155325,167501
2019-09-05,563342,77300,77187,83239
2019-09-05,563689,19095,19067,20561
2019-09-05,564647,87,87,106
2019-09-05,564895,9909,9895,11387
2019-09-05,565724,38437,38381,41391
2019-09-05,566061,35,35,38
2019-09-05,566647,15482,15460,16671
2019-09-05,567434,140,140,171
2019-09-05,567538,29744,29701,32834
2019-09-05,567623,37245,37187,40106
2019-09-05,567645,28131,28092,32323
2019-09-05,567662,444389,443744,478531
2019-09-05,567664,688947,687947,741878
2019-09-06,100181,122,122,131
2019-09-06,100487,108881,108723,132747
2019-09-06,100992,571,570,656
2019-09-06,101020,26542,26503,29299
2019-09-06,101535,14263,14242,17394
2019-09-06,101954,1234,1232,1505
2019-09-06,110365,1991,1988,2144
2019-09-06,110409,51,51,62
2019-09-06,110435,19883,19854,21410
2019-09-06,110632,593,592,723
2019-09-06,200181,2112,2109,2426
2019-09-06,201184,37048,36992,39895
2019-09-06,201351,51439,51365,55392
2019-09-06,201632,1810,1809,1949
2019-09-06,201925,475,473,512
2019-09-06,204586,600,599,662
2019-09-06,205582,669584,668613,816548
2019-09-06,205611,43588,43525,46937
2019-09-06,205761,7512,7501,8627
2019-09-06,206361,19924,19894,21454
2019-09-06,206363,395647,395065,426043
2019-09-06,206440,162717,162483,175221
2019-09-06,206471,144926,144716,156061
2019-09-06,207288,34154,34106,36777
2019-09-06,207774,1171,1169,1261
2019-09-06,208532,1,1,1
2019-09-06,210413,0,0,0
2019-09-06,212377,13,13,14
2019-09-06,214099,962,961,1116
2019-09-06,214104,403,402,491
2019-09-06,214781,67781,67669,72988
2019-09-06,215430,0,0,0
2019-09-06,215913,1215,1213,1482
2019-09-06,216158,122675,122498,132099
2019-09-06,216173,30301,30255,32628
2019-09-06,216424,43075,43014,46384
2019-09-06,301577,156745,156519,168788
2019-09-06,304080,3210,3206,3456
2019-09-06,304763,168,168,181
2019-09-06,401131,7087,7077,7823
2019-09-06,401534,25200,25091,27136
2019-09-06,402279,8501,8487,9155
2019-09-06,407120,1962,1959,2255
2019-09-06,408789,23775,23707,25601
2019-09-06,501098,13,13,15
2019-09-06,502221,39192,39135,47778
2019-09-06,502280,18956,18930,20411
2019-09-06,502835,27999,27959,30151
2019-09-06,506536,2757,2754,2970
2019-09-06,506539,1479726,1477579,1593412
2019-09-06,507843,135354,135157,145753
2019-09-06,508456,3518,3513,3788
2019-09-06,508599,2797,2793,3012
2019-09-06,509417,16445,16421,20055
2019-09-06,509434,215316,215004,247400
2019-09-06,510003,29977,29934,32280
2019-09-06,511293,234,234,285
2019-09-06,551180,135209,134675,145595
2019-09-06,551228,13184,13161,14197
2019-09-06,551732,21446,21415,24643
2019-09-06,551736,18254,18228,20150
2019-09-06,558846,70142,70040,75530
2019-09-06,558873,105739,105564,113862
2019-09-06,560271,49014,48943,52780
2019-09-06,563339,167437,167194,180301
2019-09-06,563342,70389,70287,75797
2019-09-06,563689,22127,22095,23827
2019-09-06,564647,269,269,328
2019-09-06,564895,10158,10143,11673
2019-09-06,565724,42308,42247,45558
2019-09-06,566061,30,30,32
2019-09-06,566647,18031,18005,19416
2019-09-06,567434,116,116,141
2019-09-06,567538,31234,31189,34479
2019-09-06,567623,39354,39293,42377
2019-09-06,567645,24528,24493,28182
2019-09-06,567662,443555,442911,477633
2019-09-06,567664,775067,773942,834615
2019-09-07,100181,122,122,131
2019-09-07,100487,109239,109080,133183
2019-09-07,100992,592,591,680
2019-09-07,101020,27022,26983,29829
2019-09-07,101535,15210,15188,18549
2019-09-07,101954,1245,1243,1518
2019-09-07,110365,2095,2092,2256
2019-09-07,110409,50,50,61
2019-09-07,110435,23057,23024,24829
2019-09-07,110632,619,618,755
2019-09-07,200181,1841,1839,2114
2019-09-07,201184,38206,38149,41141
2019-09-07,201351,52594,52519,56634
2019-09-07,201632,1856,1855,1999
2019-09-07,201925,82,82,88
2019-09-07,204586,600,599,662
2019-09-07,205582,670152,669180,817241
2019-09-07,205611,47274,47207,50907
2019-09-07,205761,8871,8857,10189
2019-09-07,206361,24151,24116,26007
2019-09-07,206363,467486,466798,503402
2019-09-07,206440,185121,184855,199344
2019-09-07,206471,156068,155842,168057
2019-09-07,207288,36291,36239,39080
2019-09-07,207774,1565,1563,1685
2019-09-07,208532,1,1,1
2019-09-07,210413,0,0,0
2019-09-07,212377,13,13,14
2019-09-07,214099,905,904,1050
2019-09-07,214104,403,402,491
2019-09-07,214781,67467,67355,72650
2019-09-07,215430,0,0,0
2019-09-07,215913,1448,1446,1766
2019-09-07,216158,123740,123561,133246
2019-09-07,216173,32322,32273,34805
2019-09-07,216424,35435,35385,38158
2019-09-07,301577,154277,154054,166131
2019-09-07,304080,4296,4290,4626
2019-09-07,304763,177,177,191
2019-09-07,401131,6985,6975,7711
2019-09-07,401534,26360,26247,28386
2019-09-07,402279,9016,9001,9710
2019-09-07,407120,1960,1957,2252
2019-09-07,408789,26044,25968,28045
2019-09-07,501098,12,12,13
2019-09-07,502221,39291,39234,47899
2019-09-07,502280,19018,18992,20478
2019-09-07,502835,31624,31578,34054
2019-09-07,506536,2743,2740,2953
2019-09-07,506539,1610433,1608096,1734162
2019-09-07,507843,133056,132862,143278
2019-09-07,508456,3512,3507,3781
2019-09-07,508599,2791,2787,3006
2019-09-07,509417,15483,15461,18882
2019-09-07,509434,216797,216483,249101
2019-09-07,510003,24306,24271,26173
2019-09-07,511293,231,231,282
2019-09-07,551180,143404,142839,154420
2019-09-07,551228,17004,16974,18309
2019-09-07,551732,22547,22515,25909
2019-09-07,551736,18720,18694,20664
2019-09-07,558846,74975,74866,80736
2019-09-07,558873,77436,77308,83384
2019-09-07,560271,49428,49356,53226
2019-09-07,563339,167701,167458,180585
2019-09-07,563342,72913,72808,78515
2019-09-07,563689,23622,23588,25436
2019-09-07,564647,633,632,772
2019-09-07,564895,9800,9786,11261
2019-09-07,565724,39950,39893,43020
2019-09-07,566061,11,11,12
2019-09-07,566647,18086,18060,19476
2019-09-07,567434,129,129,157
2019-09-07,567538,31811,31765,35117
2019-09-07,567623,37314,37255,40180
2019-09-07,567645,25378,25341,29161
2019-09-07,567662,500295,499568,538732
2019-09-07,567664,775241,774116,834803
2019-09-08,100181,122,122,131
2019-09-08,100487,109597,109437,133620
2019-09-08,100992,608,607,699
2019-09-08,101020,28374,28333,31322
2019-09-08,101535,18572,18545,22648
2019-09-08,101954,1278,1276,1559
2019-09-08,110365,2071,2068,2230
2019-09-08,110409,72,72,88
2019-09-08,110435,29608,29565,31883
2019-09-08,110632,619,618,755
2019-09-08,200181,2520,2517,2895
2019-09-08,201184,37346,37290,40215
2019-09-08,201351,57615,57532,62041
2019-09-08,201632,1941,1940,2092
2019-09-08,201925,1254,1249,1351
2019-09-08,204586,600,599,662
2019-09-08,205582,670602,669630,817790
2019-09-08,205611,66475,66379,71582
2019-09-08,205761,9571,9557,10992
2019-09-08,206361,26508,26470,28544
2019-09-08,206363,571641,570800,615560
2019-09-08,206440,200674,200384,216093
2019-09-08,206471,165635,165396,178361
2019-09-08,207288,36890,36838,39725
2019-09-08,207774,16714,16690,17998
2019-09-08,208532,1,1,1
2019-09-08,210413,0,0,0
2019-09-08,212377,13,13,14
2019-09-08,214099,829,828,962
2019-09-08,214104,403,402,491
2019-09-08,214781,66196,66086,71282
2019-09-08,215430,0,0,0
2019-09-08,215913,1426,1424,1739
2019-09-08,216158,132473,132281,142650
2019-09-08,216173,32373,32324,34860
2019-09-08,216424,42984,42924,46287
2019-09-08,301577,153546,153324,165343
2019-09-08,304080,4267,4261,4595
2019-09-08,304763,153,153,165
2019-09-08,401131,6546,6537,7226
2019-09-08,401534,28167,28045,30331
2019-09-08,402279,8926,8911,9613
2019-09-08,407120,1960,1957,2252
2019-09-08,408789,28373,28291,30554
2019-09-08,501098,12,12,13
2019-09-08,502221,52525,52450,64035
2019-09-08,502280,19443,19415,20936
2019-09-08,502835,35039,34988,37731
2019-09-08,506536,2946,2942,3171
2019-09-08,506539,1891618,1888873,2036950
2019-09-08,507843,135483,135285,145892
2019-09-08,508456,3998,3992,4305
2019-09-08,508599,2737,2733,2947
2019-09-08,509417,13391,13372,16331
2019-09-08,509434,227766,227436,261705
2019-09-08,510003,25020,24984,26943
2019-09-08,511293,231,231,282
2019-09-08,551180,152209,151609,163904
2019-09-08,551228,20619,20584,22202
2019-09-08,551732,24042,24007,27625
2019-09-08,551736,18160,18135,20045
2019-09-08,558846,83116,82996,89503
2019-09-08,558873,98598,98435,106173
2019-09-08,560271,49894,49822,53728
2019-09-08,563339,169212,168967,182213
2019-09-08,563342,76802,76691,82703
2019-09-08,563689,25897,25859,27886
2019-09-08,564647,633,632,772
2019-09-08,564895,13895,13874,15966
2019-09-08,565724,42914,42852,46212
2019-09-08,566061,12,12,13
2019-09-08,566647,19676,19647,21188
2019-09-08,567434,137,137,167
2019-09-08,567538,31981,31935,35305
2019-09-08,567623,39381,39319,42406
2019-09-08,567645,27779,27738,31920
2019-09-08,567662,505305,504572,544127
2019-09-08,567664,779679,778547,839582
2019-09-09,100181,122,122,131
2019-09-09,100487,112340,112176,136963
2019-09-09,100992,579,578,666
2019-09-09,101020,26253,26215,28981
2019-09-09,101535,15665,15642,19104
2019-09-09,101954,1258,1256,1534
2019-09-09,110365,1856,1853,1999
2019-09-09,110409,60,60,73
2019-09-09,110435,24046,24011,25893
2019-09-09,110632,610,609,744
2019-09-09,200181,2782,2778,3196
2019-09-09,201184,38181,38124,41114
2019-09-09,201351,58394,58310,62881
2019-09-09,201632,2217,2215,2389
2019-09-09,201925,1254,1249,1351
2019-09-09,204586,600,599,662
2019-09-09,205582,670851,669879,818093
2019-09-09,205611,67362,67265,72538
2019-09-09,205761,9661,9647,11098
2019-09-09,206361,24940,24903,26857
2019-09-09,206363,630444,629516,678880
2019-09-09,206440,187310,187040,201700
2019-09-09,206471,178524,178265,192240
2019-09-09,207288,37568,37515,40454
2019-09-09,207774,31256,31211,33657
2019-09-09,208532,1,1,1
2019-09-09,210413,0,0,0
2019-09-09,212377,13,13,14
2019-09-09,214099,827,826,959
2019-09-09,214104,403,402,491
2019-09-09,214781,71342,71224,76823
2019-09-09,215430,0,0,0
2019-09-09,215913,1626,1624,1983
2019-09-09,216158,129528,129341,139479
2019-09-09,216173,32359,32309,34845
2019-09-09,216424,47878,47811,51556
2019-09-09,301577,153991,153769,165823
2019-09-09,304080,5394,5386,5808
2019-09-09,304763,152,152,164
2019-09-09,401131,6611,6602,7298
2019-09-09,401534,25542,25433,27505
2019-09-09,402279,9486,9470,10216
2019-09-09,407120,1597,1594,1835
2019-09-09,408789,29750,29663,32035
2019-09-09,501098,12,12,13
2019-09-09,502221,47816,47747,58293
2019-09-09,502280,19291,19263,20772
2019-09-09,502835,39634,39576,42679
2019-09-09,506536,2388,2385,2570
2019-09-09,506539,1941834,1939016,2091022
2019-09-09,507843,134340,134146,144662
2019-09-09,508456,6145,6136,6617
2019-09-09,508599,2708,2704,2916
2019-09-09,509417,12057,12040,14704
2019-09-09,509434,241423,241073,277397
2019-09-09,510003,22956,22924,24721
2019-09-09,511293,231,231,282
2019-09-09,551180,163059,162418,175588
2019-09-09,551228,19397,19363,20887
2019-09-09,551732,25455,25418,29249
2019-09-09,551736,18088,18063,19965
2019-09-09,558846,88566,88438,95370
2019-09-09,558873,84952,84811,91478
2019-09-09,560271,51964,51888,55958
2019-09-09,563339,172563,172312,185821
2019-09-09,563342,74797,74689,80543
2019-09-09,563689,24406,24371,26282
2019-09-09,564647,631,630,770
2019-09-09,564895,13225,13205,15196
2019-09-09,565724,45872,45805,49397
2019-09-09,566061,12,12,13
2019-09-09,566647,23001,22968,24768
2019-09-09,567434,128,128,156
2019-09-09,567538,35170,35120,38825
2019-09-09,567623,40329,40266,43427
2019-09-09,567645,24835,24799,28537
2019-09-09,567662,480347,479650,517251
2019-09-09,567664,785259,784120,845590
2019-09-10,100181,122,122,131
2019-09-10,100487,111836,111674,136351
2019-09-10,100992,670,669,770
2019-09-10,101020,27420,27380,30269
2019-09-10,101535,23141,23107,28220
2019-09-10,101954,1410,1408,1720
2019-09-10,110365,2063,2060,2221
2019-09-10,110409,92,92,112
2019-09-10,110435,25058,25022,26983
2019-09-10,110632,610,609,744
2019-09-10,200181,2986,2982,3430
2019-09-10,201184,40577,40516,43695
2019-09-10,201351,61291,61202,66000
2019-09-10,201632,1878,1876,2023
2019-09-10,201925,1254,1249,1351
2019-09-10,204586,64,64,71
2019-09-10,205582,671593,670619,818998
2019-09-10,205611,66397,66301,71499
2019-09-10,205761,10696,10681,12285
2019-09-10,206361,24050,24015,25897
2019-09-10,206363,660394,659422,711131
2019-09-10,206440,210078,209775,226216
2019-09-10,206471,185432,185163,199679
2019-09-10,207288,38908,38853,41896
2019-09-10,207774,54801,54721,59011
2019-09-10,208532,1,1,1
2019-09-10,210413,0,0,0
2019-09-10,212377,13,13,14
2019-09-10,214099,1030,1029,1194
2019-09-10,214104,403,402,491
2019-09-10,214781,71451,71332,76940
2019-09-10,215430,0,0,0
2019-09-10,215913,1626,1624,1983
2019-09-10,216158,135071,134876,145448
2019-09-10,216173,33257,33206,35812
2019-09-10,216424,49222,49153,53004
2019-09-10,301577,150826,150608,162415
2019-09-10,304080,6504,6495,7003
2019-09-10,304763,156,156,168
2019-09-10,401131,6814,6805,7523
2019-09-10,401534,28456,28333,30643
2019-09-10,402279,10462,10444,11268
2019-09-10,407120,1616,1613,1857
2019-09-10,408789,30160,30072,32477
2019-09-10,501098,12,12,13
2019-09-10,502221,44679,44614,54469
2019-09-10,502280,20844,20814,22444
2019-09-10,502835,42807,42745,46095
2019-09-10,506536,2148,2146,2312
2019-09-10,506539,2083190,2080166,2243241
2019-09-10,507843,135871,135674,146310
2019-09-10,508456,6122,6113,6592
2019-09-10,508599,2701,2697,2908
2019-09-10,509417,12103,12085,14760
2019-09-10,509434,250737,250373,288099
2019-09-10,510003,28668,28626,30871
2019-09-10,511293,231,231,282
2019-09-10,551180,170184,169516,183259
2019-09-10,551228,21857,21819,23536
2019-09-10,551732,31025,30980,35649
2019-09-10,551736,19003,18976,20975
2019-09-10,558846,94210,94073,101449
2019-09-10,558873,86357,86214,92992
2019-09-10,560271,52293,52216,56312
2019-09-10,563339,173547,173295,186881
2019-09-10,563342,85517,85392,92087
2019-09-10,563689,23052,23019,24823
2019-09-10,564647,628,627,766
2019-09-10,564895,12876,12856,14795
2019-09-10,565724,45588,45522,49090
2019-09-10,566061,12,12,13
2019-09-10,566647,22634,22601,24373
2019-09-10,567434,143,143,174
2019-09-10,567538,35178,35128,38834
2019-09-10,567623,41301,41236,44474
2019-09-10,567645,26797,26758,30789
2019-09-10,567662,521437,520680,561499
2019-09-10,567664,805730,804560,867634
2019-09-11,100181,122,122,131
2019-09-11,100487,116053,115885,141491
2019-09-11,100992,596,595,685
2019-09-11,101020,28606,28565,31578
2019-09-11,101535,22971,22938,28013
2019-09-11,101954,1359,1357,1657
2019-09-11,110365,1598,1596,1721
2019-09-11,110409,38,38,46
2019-09-11,110435,23218,23184,25002
2019-09-11,110632,585,584,713
2019-09-11,200181,3697,3691,4247
2019-09-11,201184,51236,51159,55173
2019-09-11,201351,67098,67001,72253
2019-09-11,201632,2288,2285,2465
2019-09-11,201925,1254,1249,1351
2019-09-11,204586,64,64,71
2019-09-11,205582,672711,671736,820362
2019-09-11,205611,67890,67792,73107
2019-09-11,205761,13655,13635,15686
2019-09-11,206361,35688,35636,38430
2019-09-11,206363,1014401,1012908,1092336
2019-09-11,206440,279612,279206,301095
2019-09-11,206471,246385,246027,265314
2019-09-11,207288,43866,43803,47233
2019-09-11,207774,37437,37383,40313
2019-09-11,208532,129,129,157
2019-09-11,210413,0,0,0
2019-09-11,212377,13,13,14
2019-09-11,214099,1061,1060,1231
2019-09-11,214104,403,402,491
2019-09-11,214781,76021,75894,81862
2019-09-11,215430,0,0,0
2019-09-11,215913,2526,2522,3080
2019-09-11,216158,151999,151779,163676
2019-09-11,216173,34860,34807,37538
2019-09-11,216424,57497,57415,61915
2019-09-11,301577,160792,160560,173146
2019-09-11,304080,10171,10157,10952
2019-09-11,304763,347,347,374
2019-09-11,401131,7647,7636,8442
2019-09-11,401534,29977,29847,32280
2019-09-11,402279,10711,10693,11536
2019-09-11,407120,2274,2270,2613
2019-09-11,408789,32440,32344,34932
2019-09-11,501098,12,12,13
2019-09-11,502221,40459,40400,49324
2019-09-11,502280,21435,21404,23082
2019-09-11,502835,53655,53577,57777
2019-09-11,506536,2095,2093,2256
2019-09-11,506539,2905140,2900924,3128340
2019-09-11,507843,138982,138781,149659
2019-09-11,508456,8953,8940,9640
2019-09-11,508599,2739,2735,2949
2019-09-11,509417,13136,13117,16020
2019-09-11,509434,313183,312729,359850
2019-09-11,510003,26537,26498,28576
2019-09-11,511293,391,390,477
2019-09-11,551180,191134,190383,205820
2019-09-11,551228,23930,23887,25769
2019-09-11,551732,38323,38269,44036
2019-09-11,551736,19343,19315,21349
2019-09-11,558846,103043,102893,110962
2019-09-11,558873,122971,122769,132419
2019-09-11,560271,55129,55050,59366
2019-09-11,563339,186997,186726,201364
2019-09-11,563342,88654,88525,95465
2019-09-11,563689,24435,24400,26312
2019-09-11,564647,628,627,766
2019-09-11,564895,12990,12971,14926
2019-09-11,565724,56238,56157,60559
2019-09-11,566061,12,12,13
2019-09-11,566647,24573,24537,26461
2019-09-11,567434,135,135,165
2019-09-11,567538,40511,40453,44720
2019-09-11,567623,48794,48718,52542
2019-09-11,567645,31208,31164,35859
2019-09-11,567662,571122,570293,615001
2019-09-11,567664,902109,900800,971417
2019-09-12,100181,75,75,81
2019-09-12,100487,59083,58997,72034
2019-09-12,100992,479,479,550
2019-09-12,101020,22472,22439,24808
2019-09-12,101535,9783,9769,11930
2019-09-12,101954,1248,1246,1522
2019-09-12,110365,1725,1722,1858
2019-09-12,110409,20,20,24
2019-09-12,110435,12867,12848,13856
2019-09-12,110632,435,434,530
2019-09-12,200181,3074,3070,3531
2019-09-12,201184,32435,32387,34927
2019-09-12,201351,49491,49420,53293
2019-09-12,201632,945,944,1020
2019-09-12,201925,1072,1068,1154
2019-09-12,204586,35,35,39
2019-09-12,205582,345243,344743,421020
2019-09-12,205611,32757,32709,35273
2019-09-12,205761,7819,7807,8980
2019-09-12,206361,22545,22513,24278
2019-09-12,206363,609788,608891,656638
2019-09-12,206440,120270,120096,129512
2019-09-12,206471,192242,191964,207012
2019-09-12,207288,24848,24815,26757
2019-09-12,207774,20219,20190,21772
2019-09-12,208532,113,113,138
2019-09-12,210413,0,0,0
2019-09-12,212377,9,9,10
2019-09-12,214099,785,784,911
2019-09-12,214104,354,353,432
2019-09-12,214781,43431,43360,46767
2019-09-12,215430,0,0,0
2019-09-12,215913,1834,1831,2237
2019-09-12,216158,125659,125477,135313
2019-09-12,216173,17843,17818,19215
2019-09-12,216424,26717,26678,28771
2019-09-12,301577,133532,133339,143792
2019-09-12,304080,7391,7380,7958
2019-09-12,304763,233,233,251
2019-09-12,401131,2611,2608,2882
2019-09-12,401534,18498,18419,19920
2019-09-12,402279,6948,6936,7482
2019-09-12,407120,1925,1923,2212
2019-09-12,408789,11680,11647,12578
2019-09-12,501098,11,11,12
2019-09-12,502221,18210,18183,22202
2019-09-12,502280,10269,10255,11059
2019-09-12,502835,26763,26725,28819
2019-09-12,506536,1484,1482,1597
2019-09-12,506539,1710376,1707893,1841783
2019-09-12,507843,87115,86988,93808
2019-09-12,508456,7531,7520,8109
2019-09-12,508599,2546,2542,2742
2019-09-12,509417,7496,7485,9141
2019-09-12,509434,204800,204503,235316
2019-09-12,510003,16356,16333,17613
2019-09-12,511293,246,246,300
2019-09-12,551180,124131,123645,133667
2019-09-12,551228,9405,9389,10128
2019-09-12,551732,28331,28290,32554
2019-09-12,551736,14214,14196,15691
2019-09-12,558846,56199,56120,60518
2019-09-12,558873,74411,74288,80128
2019-09-12,560271,50153,50081,54007
2019-09-12,563339,97349,97208,104828
2019-09-12,563342,55907,55825,60202
2019-09-12,563689,15521,15499,16714
2019-09-12,564647,505,504,616
2019-09-12,564895,6761,6751,7769
2019-09-12,565724,42993,42930,46296
2019-09-12,566061,5,5,5
2019-09-12,566647,17225,17200,18548
2019-09-12,567434,108,108,132
2019-09-12,567538,20881,20852,23052
2019-09-12,567623,31847,31797,34294
2019-09-12,567645,12900,12883,14823
2019-09-12,567662,291071,290649,313434
2019-09-12,567664,423909,423294,456478
2019-09-13,100181,75,75,81
2019-09-13,100487,54712,54633,66704
2019-09-13,100992,465,465,534
2019-09-13,101020,21615,21583,23861
2019-09-13,101535,6134,6125,7480
2019-09-13,101954,1202,1200,1466
2019-09-13,110365,1429,1426,1539
2019-09-13,110409,20,20,24
2019-09-13,110435,11204,11188,12065
2019-09-13,110632,315,315,384
2019-09-13,200181,3099,3095,3560
2019-09-13,201184,26809,26769,28869
2019-09-13,201351,47099,47031,50717
2019-09-13,201632,868,868,935
2019-09-13,201925,917,913,987
2019-09-13,204586,30,30,33
2019-09-13,205582,347761,347256,424090
2019-09-13,205611,30904,30858,33279
2019-09-13,205761,7077,7067,8129
2019-09-13,206361,20372,20342,21938
2019-09-13,206363,503198,502457,541858
2019-09-13,206440,102390,102241,110258
2019-09-13,206471,171721,171473,184915
2019-09-13,207288,21119,21090,22740
2019-09-13,207774,20142,20113,21689
2019-09-13,208532,113,113,138
2019-09-13,210413,0,0,0
2019-09-13,212377,9,9,10
2019-09-13,214099,765,764,887
2019-09-13,214104,331,331,404
2019-09-13,214781,38456,38392,41411
2019-09-13,215430,0,0,0
2019-09-13,215913,2053,2050,2504
2019-09-13,216158,114073,113908,122837
2019-09-13,216173,15683,15661,16889
2019-09-13,216424,21786,21755,23460
2019-09-13,301577,116334,116166,125271
2019-09-13,304080,6146,6137,6618
2019-09-13,304763,233,233,251
2019-09-13,401131,2593,2590,2864
2019-09-13,401534,15539,15474,16733
2019-09-13,402279,4689,4681,5050
2019-09-13,407120,1915,1913,2200
2019-09-13,408789,10057,10028,10830
2019-09-13,501098,9,9,10
2019-09-13,502221,15929,15905,19420
2019-09-13,502280,9964,9950,10730
2019-09-13,502835,22494,22462,24222
2019-09-13,506536,1347,1345,1451
2019-09-13,506539,1290930,1289056,1390111
2019-09-13,507843,79003,78889,85074
2019-09-13,508456,6345,6336,6832
2019-09-13,508599,2126,2123,2291
2019-09-13,509417,5110,5103,6232
2019-09-13,509434,175100,174846,201192
2019-09-13,510003,17370,17345,18703
2019-09-13,511293,241,241,294
2019-09-13,551180,106233,105816,114395
2019-09-13,551228,7743,7731,8338
2019-09-13,551732,23547,23515,27057
2019-09-13,551736,13303,13286,14685
2019-09-13,558846,50905,50831,54818
2019-09-13,558873,69997,69883,75375
2019-09-13,560271,47420,47350,51065
2019-09-13,563339,89422,89293,96292
2019-09-13,563342,51631,51556,55598
2019-09-13,563689,14842,14820,15982
2019-09-13,564647,694,693,846
2019-09-13,564895,5758,5750,6617
2019-09-13,565724,40672,40612,43797
2019-09-13,566061,5,5,5
2019-09-13,566647,15794,15771,17007
2019-09-13,567434,108,108,132
2019-09-13,567538,17877,17851,19735
2019-09-13,567623,29182,29136,31424
2019-09-13,567645,11598,11582,13325
2019-09-13,567662,250978,250614,270260
2019-09-13,567664,391484,390916,421562
2019-09-14,100181,122,122,131
2019-09-14,100487,61684,61594,75205
2019-09-14,100992,474,474,545
2019-09-14,101020,21575,21543,23818
2019-09-14,101535,7400,7389,9024
2019-09-14,101954,1210,1208,1476
2019-09-14,110365,1328,1326,1430
2019-09-14,110409,20,20,24
2019-09-14,110435,10740,10724,11566
2019-09-14,110632,323,323,394
2019-09-14,200181,3411,3406,3918
2019-09-14,201184,31648,31600,34080
2019-09-14,201351,47199,47131,50826
2019-09-14,201632,847,846,912
2019-09-14,201925,983,979,1058
2019-09-14,204586,47,47,52
2019-09-14,205582,404412,403826,493176
2019-09-14,205611,29492,29449,31758
2019-09-14,205761,7121,7110,8180
2019-09-14,206361,18669,18642,20104
2019-09-14,206363,692251,691232,745435
2019-09-14,206440,93870,93737,101081
2019-09-14,206471,164210,163974,176828
2019-09-14,207288,22071,22042,23765
2019-09-14,207774,20126,20097,21672
2019-09-14,208532,135,135,164
2019-09-14,210413,0,0,0
2019-09-14,212377,13,13,14
2019-09-14,214099,977,976,1134
2019-09-14,214104,335,335,409
2019-09-14,214781,39318,39252,42339
2019-09-14,215430,0,0,0
2019-09-14,215913,2506,2502,3056
2019-09-14,216158,111667,111505,120247
2019-09-14,216173,16298,16275,17551
2019-09-14,216424,23476,23443,25281
2019-09-14,301577,127076,126893,136838
2019-09-14,304080,6277,6268,6759
2019-09-14,304763,241,241,260
2019-09-14,401131,2781,2778,3071
2019-09-14,401534,14589,14528,15709
2019-09-14,402279,4825,4817,5197
2019-09-14,407120,2203,2200,2531
2019-09-14,408789,9581,9555,10319
2019-09-14,501098,12,12,13
2019-09-14,502221,17628,17602,21490
2019-09-14,502280,11552,11536,12439
2019-09-14,502835,23932,23897,25771
2019-09-14,506536,1087,1086,1170
2019-09-14,506539,1245390,1243582,1341072
2019-09-14,507843,83354,83233,89760
2019-09-14,508456,9227,9213,9936
2019-09-14,508599,1801,1798,1940
2019-09-14,509417,8063,8051,9833
2019-09-14,509434,192247,191968,220893
2019-09-14,510003,17888,17863,19263
2019-09-14,511293,247,247,301
2019-09-14,551180,107771,107349,116051
2019-09-14,551228,7977,7964,8589
2019-09-14,551732,27959,27919,32125
2019-09-14,551736,15789,15767,17430
2019-09-14,558846,52485,52409,56518
2019-09-14,558873,67808,67696,73018
2019-09-14,560271,51041,50967,54963
2019-09-14,563339,89020,88891,95859
2019-09-14,563342,52282,52206,56298
2019-09-14,563689,15068,15045,16226
2019-09-14,564647,474,473,578
2019-09-14,564895,8325,8313,9565
2019-09-14,565724,40121,40063,43203
2019-09-14,566061,5,5,5
2019-09-14,566647,17399,17374,18736
2019-09-14,567434,108,108,132
2019-09-14,567538,19028,19000,21004
2019-09-14,567623,31551,31502,33975
2019-09-14,567645,11718,11702,13464
2019-09-14,567662,288084,287666,310217
2019-09-14,567664,419107,418499,451307
2019-09-15,100181,122,122,131
2019-09-15,100487,98555,98412,120157
2019-09-15,100992,581,580,668
2019-09-15,101020,28001,27961,30911
2019-09-15,101535,12764,12746,15566
2019-09-15,101954,1322,1320,1612
2019-09-15,110365,1433,1430,1543
2019-09-15,110409,35,35,43
2019-09-15,110435,18956,18928,20412
2019-09-15,110632,450,449,549
2019-09-15,200181,3582,3577,4114
2019-09-15,201184,41616,41554,44813
2019-09-15,201351,58621,58536,63125
2019-09-15,201632,1479,1478,1594
2019-09-15,201925,527,525,568
2019-09-15,204586,58,58,64
2019-09-15,205582,668887,667917,815699
2019-09-15,205611,27050,27010,29129
2019-09-15,205761,10850,10836,12462
2019-09-15,206361,22880,22847,24638
2019-09-15,206363,591442,590572,636882
2019-09-15,206440,144106,143898,155177
2019-09-15,206471,171069,170821,184214
2019-09-15,207288,36201,36149,38981
2019-09-15,207774,27492,27452,29604
2019-09-15,208532,238,238,290
2019-09-15,210413,0,0,0
2019-09-15,212377,13,13,14
2019-09-15,214099,1006,1005,1167
2019-09-15,214104,403,402,491
2019-09-15,214781,67737,67624,72941
2019-09-15,215430,0,0,0
2019-09-15,215913,2857,2853,3484
2019-09-15,216158,126929,126745,136681
2019-09-15,216173,30063,30016,32373
2019-09-15,216424,36474,36423,39278
2019-09-15,301577,127038,126855,136799
2019-09-15,304080,9266,9253,9978
2019-09-15,304763,289,289,311
2019-09-15,401131,3338,3333,3685
2019-09-15,401534,18754,18673,20196
2019-09-15,402279,6351,6340,6840
2019-09-15,407120,2202,2199,2530
2019-09-15,408789,16686,16638,17967
2019-09-15,501098,12,12,13
2019-09-15,502221,23938,23904,29184
2019-09-15,502280,19016,18988,20477
2019-09-15,502835,44645,44580,48075
2019-09-15,506536,1385,1383,1491
2019-09-15,506539,1734818,1732301,1868102
2019-09-15,507843,137760,137561,148344
2019-09-15,508456,8817,8804,9494
2019-09-15,508599,2044,2041,2202
2019-09-15,509417,9444,9430,11517
2019-09-15,509434,260440,260062,299248
2019-09-15,510003,40329,40270,43428
2019-09-15,511293,403,402,491
2019-09-15,551180,129634,129126,139597
2019-09-15,551228,13738,13714,14794
2019-09-15,551732,31356,31312,36030
2019-09-15,551736,20613,20584,22753
2019-09-15,558846,78638,78522,84680
2019-09-15,558873,92528,92375,99637
2019-09-15,560271,53970,53890,58118
2019-09-15,563339,141882,141676,152783
2019-09-15,563342,70376,70274,75783
2019-09-15,563689,22658,22625,24399
2019-09-15,564647,534,533,651
2019-09-15,564895,12779,12760,14684
2019-09-15,565724,54635,54556,58833
2019-09-15,566061,9,9,10
2019-09-15,566647,18750,18723,20191
2019-09-15,567434,148,148,180
2019-09-15,567538,38318,38263,42300
2019-09-15,567623,42042,41976,45272
2019-09-15,567645,21296,21264,24469
2019-09-15,567662,493082,492367,530965
2019-09-15,567664,820068,818878,883073
2019-09-16,100181,104,104,112
2019-09-16,100487,51954,51878,63341
2019-09-16,100992,467,467,537
2019-09-16,101020,21826,21794,24094
2019-09-16,101535,6060,6051,7390
2019-09-16,101954,1220,1218,1488
2019-09-16,110365,1486,1483,1600
2019-09-16,110409,20,20,24
2019-09-16,110435,10878,10862,11714
2019-09-16,110632,324,324,395
2019-09-16,200181,3276,3271,3763
2019-09-16,201184,31036,30989,33420
2019-09-16,201351,46454,46387,50023
2019-09-16,201632,1028,1027,1108
2019-09-16,201925,495,493,533
2019-09-16,204586,41,41,45
2019-09-16,205582,320569,320104,390929
2019-09-16,205611,20067,20038,21609
2019-09-16,205761,7258,7247,8336
2019-09-16,206361,16767,16743,18056
2019-09-16,206363,414879,414269,446753
2019-09-16,206440,74814,74707,80561
2019-09-16,206471,149804,149588,161316
2019-09-16,207288,23040,23009,24807
2019-09-16,207774,9448,9434,10174
2019-09-16,208532,136,136,166
2019-09-16,210413,0,0,0
2019-09-16,212377,12,12,13
2019-09-16,214099,880,879,1020
2019-09-16,214104,395,394,482
2019-09-16,214781,38714,38651,41689
2019-09-16,215430,0,0,0
2019-09-16,215913,2250,2247,2744
2019-09-16,216158,113435,113271,122150
2019-09-16,216173,16115,16092,17354
2019-09-16,216424,17124,17100,18439
2019-09-16,301577,125376,125195,135009
2019-09-16,304080,6962,6952,7497
2019-09-16,304763,241,241,260
2019-09-16,401131,2858,2855,3154
2019-09-16,401534,14180,14120,15270
2019-09-16,402279,3866,3859,4163
2019-09-16,407120,2935,2931,3372
2019-09-16,408789,8831,8806,9511
2019-09-16,501098,11,11,12
2019-09-16,502221,12278,12261,14970
2019-09-16,502280,10256,10242,11045
2019-09-16,502835,22569,22537,24303
2019-09-16,506536,948,948,1021
2019-09-16,506539,1112579,1110964,1198057
2019-09-16,507843,85068,84946,91603
2019-09-16,508456,6190,6181,6666
2019-09-16,508599,2028,2025,2184
2019-09-16,509417,6997,6987,8532
2019-09-16,509434,190835,190558,219271
2019-09-16,510003,25660,25622,27632
2019-09-16,511293,199,199,243
2019-09-16,551180,94191,93821,101428
2019-09-16,551228,7369,7356,7934
2019-09-16,551732,24235,24201,27848
2019-09-16,551736,16764,16740,18505
2019-09-16,558846,47754,47685,51422
2019-09-16,558873,65315,65208,70333
2019-09-16,560271,53062,52983,57138
2019-09-16,563339,88349,88221,95137
2019-09-16,563342,48808,48737,52558
2019-09-16,563689,15464,15441,16653
2019-09-16,564647,461,460,562
2019-09-16,564895,6694,6684,7692
2019-09-16,565724,36570,36517,39380
2019-09-16,566061,6,6,6
2019-09-16,566647,12505,12487,13466
2019-09-16,567434,108,108,132
2019-09-16,567538,19301,19273,21306
2019-09-16,567623,29941,29895,32241
2019-09-16,567645,11806,11789,13566
2019-09-16,567662,269621,269230,290336
2019-09-16,567664,400609,400028,431387
2019-09-17,100181,118,118,127
2019-09-17,100487,51551,51476,62852
2019-09-17,100992,482,481,553
2019-09-17,101020,22200,22167,24508
2019-09-17,101535,6169,6160,7524
2019-09-17,101954,1246,1244,1520
2019-09-17,110365,1292,1290,1391
2019-09-17,110409,23,23,28
2019-09-17,110435,12030,12012,12954
2019-09-17,110632,340,340,415
2019-09-17,200181,3162,3158,3632
2019-09-17,201184,34534,34482,37187
2019-09-17,201351,45795,45729,49313
2019-09-17,201632,1025,1024,1105
2019-09-17,201925,493,491,531
2019-09-17,204586,45,45,50
2019-09-17,205582,316131,315672,385518
2019-09-17,205611,19642,19614,21151
2019-09-17,205761,6160,6152,7077
2019-09-17,206361,18095,18069,19486
2019-09-17,206363,459508,458832,494812
2019-09-17,206440,75431,75322,81227
2019-09-17,206471,147672,147458,159019
2019-09-17,207288,21635,21606,23296
2019-09-17,207774,10892,10876,11729
2019-09-17,208532,147,147,179
2019-09-17,210413,0,0,0
2019-09-17,212377,13,13,14
2019-09-17,214099,900,899,1044
2019-09-17,214104,403,402,491
2019-09-17,214781,37874,37811,40784
2019-09-17,215430,0,0,0
2019-09-17,215913,2099,2096,2560
2019-09-17,216158,111953,111791,120554
2019-09-17,216173,15652,15629,16855
2019-09-17,216424,18786,18760,20229
2019-09-17,301577,122956,122779,132403
2019-09-17,304080,8888,8876,9570
2019-09-17,304763,241,241,260
2019-09-17,401131,2894,2890,3194
2019-09-17,401534,14171,14111,15260
2019-09-17,402279,3016,3011,3248
2019-09-17,407120,2906,2902,3339
2019-09-17,408789,8000,7977,8615
2019-09-17,501098,12,12,13
2019-09-17,502221,14016,13996,17086
2019-09-17,502280,10207,10192,10990
2019-09-17,502835,23029,22995,24798
2019-09-17,506536,1106,1106,1191
2019-09-17,506539,1110985,1109373,1196342
2019-09-17,507843,87357,87231,94068
2019-09-17,508456,5947,5939,6404
2019-09-17,508599,1899,1896,2045
2019-09-17,509417,5124,5116,6249
2019-09-17,509434,194910,194627,223953
2019-09-17,510003,24244,24209,26105
2019-09-17,511293,170,170,207
2019-09-17,551180,89106,88759,95951
2019-09-17,551228,7438,7425,8010
2019-09-17,551732,22698,22666,26081
2019-09-17,551736,15832,15810,17476
2019-09-17,558846,47258,47190,50887
2019-09-17,558873,68033,67921,73261
2019-09-17,560271,50954,50878,54869
2019-09-17,563339,86425,86299,93065
2019-09-17,563342,49509,49437,53312
2019-09-17,563689,15033,15010,16188
2019-09-17,564647,472,471,576
2019-09-17,564895,5976,5968,6867
2019-09-17,565724,38587,38531,41551
2019-09-17,566061,6,6,6
2019-09-17,566647,13164,13145,14175
2019-09-17,567434,108,108,132
2019-09-17,567538,18515,18488,20439
2019-09-17,567623,29411,29365,31671
2019-09-17,567645,11764,11748,13517
2019-09-17,567662,251477,251112,270797
2019-09-17,567664,374882,374338,403683
2019-09-18,100181,82,82,88
2019-09-18,100487,56700,56618,69129
2019-09-18,100992,475,475,546
2019-09-18,101020,22056,22024,24348
2019-09-18,101535,3615,3610,4408
2019-09-18,101954,1231,1229,1501
2019-09-18,110365,1260,1258,1357
2019-09-18,110409,20,20,24
2019-09-18,110435,10387,10372,11185
2019-09-18,110632,275,275,335
2019-09-18,200181,2764,2760,3175
2019-09-18,201184,23915,23879,25753
2019-09-18,201351,42911,42849,46207
2019-09-18,201632,928,927,1000
2019-09-18,201925,450,448,484
2019-09-18,204586,34,34,38
2019-09-18,205582,309409,308961,377321
2019-09-18,205611,15233,15211,16402
2019-09-18,205761,4872,4866,5596
2019-09-18,206361,13288,13268,14310
2019-09-18,206363,117177,117005,126179
2019-09-18,206440,58604,58521,63105
2019-09-18,206471,123522,123343,133015
2019-09-18,207288,20243,20216,21797
2019-09-18,207774,8830,8817,9508
2019-09-18,208532,8,8,10
2019-09-18,210413,0,0,0
2019-09-18,212377,10,10,11
2019-09-18,214099,806,805,935
2019-09-18,214104,403,402,491
2019-09-18,214781,37574,37512,40461
2019-09-18,215430,0,0,0
2019-09-18,215913,1766,1763,2154
2019-09-18,216158,106518,106364,114701
2019-09-18,216173,15371,15349,16551
2019-09-18,216424,14085,14065,15167
2019-09-18,301577,113368,113205,122079
2019-09-18,304080,7577,7566,8159
2019-09-18,304763,152,152,164
2019-09-18,401131,2588,2584,2857
2019-09-18,401534,13870,13812,14936
2019-09-18,402279,2171,2167,2338
2019-09-18,407120,3365,3361,3866
2019-09-18,408789,6396,6379,6887
2019-09-18,501098,11,11,12
2019-09-18,502221,13624,13604,16609
2019-09-18,502280,10375,10360,11173
2019-09-18,502835,18732,18705,20171
2019-09-18,506536,1101,1101,1186
2019-09-18,506539,747107,746023,804507
2019-09-18,507843,88962,88835,95797
2019-09-18,508456,3531,3526,3802
2019-09-18,508599,1923,1920,2071
2019-09-18,509417,4157,4151,5070
2019-09-18,509434,154843,154619,177916
2019-09-18,510003,26266,26228,28284
2019-09-18,511293,138,138,168
2019-09-18,551180,70532,70256,75952
2019-09-18,551228,6412,6401,6904
2019-09-18,551732,18815,18790,21620
2019-09-18,551736,15459,15438,17065
2019-09-18,558846,46553,46486,50129
2019-09-18,558873,54951,54861,59174
2019-09-18,560271,50665,50589,54557
2019-09-18,563339,86968,86841,93649
2019-09-18,563342,49245,49173,53029
2019-09-18,563689,14899,14877,16043
2019-09-18,564647,451,450,550
2019-09-18,564895,6153,6144,7070
2019-09-18,565724,34948,34898,37633
2019-09-18,566061,6,6,6
2019-09-18,566647,11693,11676,12591
2019-09-18,567434,108,108,132
2019-09-18,567538,17088,17064,18865
2019-09-18,567623,25438,25399,27393
2019-09-18,567645,11859,11841,13627
2019-09-18,567662,250976,250612,270258
2019-09-18,567664,372012,371472,400594
2019-09-19,100181,78,78,84
2019-09-19,100487,64407,64314,78524
2019-09-19,100992,496,495,570
2019-09-19,101020,24572,24536,27125
2019-09-19,101535,3361,3356,4098
2019-09-19,101954,1254,1252,1529
2019-09-19,110365,921,920,992
2019-09-19,110409,20,20,24
2019-09-19,110435,11101,11085,11954
2019-09-19,110632,316,316,385
2019-09-19,200181,2648,2644,3042
2019-09-19,201184,25550,25511,27513
2019-09-19,201351,43807,43744,47174
2019-09-19,201632,999,998,1076
2019-09-19,201925,527,525,568
2019-09-19,204586,33,33,36
2019-09-19,205582,354493,353980,432301
2019-09-19,205611,13318,13299,14341
2019-09-19,205761,4396,4389,5049
2019-09-19,206361,16404,16381,17665
2019-09-19,206363,87441,87313,94159
2019-09-19,206440,77335,77222,83277
2019-09-19,206471,124953,124773,134555
2019-09-19,207288,21885,21856,23566
2019-09-19,207774,8713,8700,9382
2019-09-19,208532,8,8,10
2019-09-19,210413,0,0,0
2019-09-19,212377,9,9,10
2019-09-19,214099,895,894,1038
2019-09-19,214104,368,367,449
2019-09-19,214781,47132,47054,50753
2019-09-19,215430,0,0,0
2019-09-19,215913,1695,1693,2067
2019-09-19,216158,111512,111351,120079
2019-09-19,216173,19140,19113,20612
2019-09-19,216424,16973,16950,18277
2019-09-19,301577,119664,119492,128857
2019-09-19,304080,7431,7420,8003
2019-09-19,304763,171,171,184
2019-09-19,401131,2490,2486,2748
2019-09-19,401534,17725,17649,19087
2019-09-19,402279,3961,3954,4264
2019-09-19,407120,3323,3319,3818
2019-09-19,408789,7061,7041,7605
2019-09-19,501098,12,12,13
2019-09-19,502221,17584,17560,21437
2019-09-19,502280,11248,11232,12112
2019-09-19,502835,22133,22101,23833
2019-09-19,506536,1179,1179,1270
2019-09-19,506539,785759,784619,846128
2019-09-19,507843,111257,111096,119805
2019-09-19,508456,2241,2238,2413
2019-09-19,508599,1903,1900,2050
2019-09-19,509417,4896,4889,5971
2019-09-19,509434,208917,208614,240047
2019-09-19,510003,34918,34867,37602
2019-09-19,511293,178,178,217
2019-09-19,551180,78194,77888,84203
2019-09-19,551228,8239,8226,8872
2019-09-19,551732,19315,19288,22193
2019-09-19,551736,17624,17599,19453
2019-09-19,558846,52708,52632,56759
2019-09-19,558873,43378,43307,46712
2019-09-19,560271,53742,53664,57872
2019-09-19,563339,99683,99538,107343
2019-09-19,563342,53584,53506,57701
2019-09-19,563689,13727,13707,14782
2019-09-19,564647,442,441,539
2019-09-19,564895,9177,9164,10544
2019-09-19,565724,43764,43701,47126
2019-09-19,566061,8,8,9
2019-09-19,566647,11159,11143,12016
2019-09-19,567434,119,119,145
2019-09-19,567538,21790,21759,24053
2019-09-19,567623,33125,33073,35670
2019-09-19,567645,15253,15232,17527
2019-09-19,567662,313815,313359,337925
2019-09-19,567664,494374,493657,532356
2019-09-20,100181,122,122,131
2019-09-20,100487,92684,92550,113000
2019-09-20,100992,577,576,663
2019-09-20,101020,27345,27306,30186
2019-09-20,101535,6329,6320,7718
2019-09-20,101954,1287,1285,1570
2019-09-20,110365,1172,1171,1262
2019-09-20,110409,28,28,34
2019-09-20,110435,15792,15770,17006
2019-09-20,110632,364,363,444
2019-09-20,200181,2692,2688,3092
2019-09-20,201184,35865,35811,38620
2019-09-20,201351,52346,52271,56366
2019-09-20,201632,1389,1388,1497
2019-09-20,201925,527,525,568
2019-09-20,204586,58,58,64
2019-09-20,205582,668711,667742,815484
2019-09-20,205611,70618,70516,76042
2019-09-20,205761,6948,6937,7980
2019-09-20,206361,18944,18917,20400
2019-09-20,206363,154887,154659,166787
2019-09-20,206440,92280,92148,99368
2019-09-20,206471,140725,140520,151538
2019-09-20,207288,31482,31437,33901
2019-09-20,207774,13015,12996,14015
2019-09-20,208532,10,10,12
2019-09-20,210413,0,0,0
2019-09-20,212377,13,13,14
2019-09-20,214099,1420,1419,1647
2019-09-20,214104,403,402,491
2019-09-20,214781,61153,61051,65851
2019-09-20,215430,0,0,0
2019-09-20,215913,2165,2162,2640
2019-09-20,216158,119447,119274,128623
2019-09-20,216173,26245,26206,28261
2019-09-20,216424,25049,25015,26975
2019-09-20,301577,124500,124321,134065
2019-09-20,304080,9932,9918,10694
2019-09-20,304763,195,195,210
2019-09-20,401131,3128,3123,3454
2019-09-20,401534,21264,21171,22897
2019-09-20,402279,7197,7185,7750
2019-09-20,407120,3403,3398,3910
2019-09-20,408789,18334,18280,19744
2019-09-20,501098,12,12,13
2019-09-20,502221,24722,24685,30138
2019-09-20,502280,17135,17110,18452
2019-09-20,502835,34073,34024,36691
2019-09-20,506536,1433,1431,1543
2019-09-20,506539,965202,963802,1039358
2019-09-20,507843,139592,139389,150315
2019-09-20,508456,4069,4063,4382
2019-09-20,508599,1855,1852,1999
2019-09-20,509417,7652,7640,9332
2019-09-20,509434,222874,222551,256084
2019-09-20,510003,40743,40684,43875
2019-09-20,511293,137,137,167
2019-09-20,551180,85532,85195,92105
2019-09-20,551228,9919,9902,10681
2019-09-20,551732,22136,22105,25435
2019-09-20,551736,18184,18159,20070
2019-09-20,558846,70473,70369,75888
2019-09-20,558873,58871,58773,63394
2019-09-20,560271,55530,55449,59797
2019-09-20,563339,147228,147014,158540
2019-09-20,563342,68513,68413,73777
2019-09-20,563689,16540,16516,17811
2019-09-20,564647,150,150,183
2019-09-20,564895,11725,11707,13472
2019-09-20,565724,45750,45684,49265
2019-09-20,566061,11,11,12
2019-09-20,566647,12293,12275,13237
2019-09-20,567434,131,131,160
2019-09-20,567538,31251,31207,34499
2019-09-20,567623,37537,37478,40421
2019-09-20,567645,19300,19271,22175
2019-09-20,567662,472469,471783,508768
2019-09-20,567664,775088,773964,834637
2019-09-21,100181,122,122,131
2019-09-21,100487,71897,71792,87658
2019-09-21,100992,496,495,570
2019-09-21,101020,25003,24967,27601
2019-09-21,101535,7286,7275,8885
2019-09-21,101954,1214,1212,1480
2019-09-21,110365,2575,2572,2773
2019-09-21,110409,20,20,24
2019-09-21,110435,11591,11574,12482
2019-09-21,110632,719,718,877
2019-09-21,200181,2817,2813,3235
2019-09-21,201184,37955,37898,40871
2019-09-21,201351,45729,45663,49243
2019-09-21,201632,1044,1043,1124
2019-09-21,201925,527,525,568
2019-09-21,204586,44,44,49
2019-09-21,205582,418214,417608,510007
2019-09-21,205611,66731,66634,71858
2019-09-21,205761,5774,5766,6632
2019-09-21,206361,16279,16255,17530
2019-09-21,206363,279795,279383,301292
2019-09-21,206440,84088,83965,90549
2019-09-21,206471,152381,152160,164088
2019-09-21,207288,23642,23611,25457
2019-09-21,207774,9417,9403,10141
2019-09-21,208532,8,8,10
2019-09-21,210413,0,0,0
2019-09-21,212377,13,13,14
2019-09-21,214099,1406,1405,1631
2019-09-21,214104,348,347,424
2019-09-21,214781,47223,47144,50851
2019-09-21,215430,0,0,0
2019-09-21,215913,2002,1999,2441
2019-09-21,216158,114613,114447,123418
2019-09-21,216173,21136,21105,22760
2019-09-21,216424,24004,23970,25848
2019-09-21,301577,135468,135273,145877
2019-09-21,304080,7624,7613,8210
2019-09-21,304763,337,337,363
2019-09-21,401131,2187,2184,2413
2019-09-21,401534,18706,18624,20143
2019-09-21,402279,6446,6435,6942
2019-09-21,407120,3456,3451,3971
2019-09-21,408789,12109,12073,13041
2019-09-21,501098,12,12,13
2019-09-21,502221,27777,27737,33863
2019-09-21,502280,11981,11965,12901
2019-09-21,502835,24439,24403,26317
2019-09-21,506536,1415,1414,1524
2019-09-21,506539,1044494,1042979,1124742
2019-09-21,507843,108985,108827,117357
2019-09-21,508456,4027,4021,4336
2019-09-21,508599,3800,3794,4093
2019-09-21,509417,7708,7696,9400
2019-09-21,509434,262235,261855,301310
2019-09-21,510003,27009,26971,29085
2019-09-21,511293,110,110,134
2019-09-21,551180,83598,83270,90019
2019-09-21,551228,9083,9068,9781
2019-09-21,551732,21916,21885,25183
2019-09-21,551736,17259,17236,19052
2019-09-21,558846,59833,59747,64429
2019-09-21,558873,42323,42254,45575
2019-09-21,560271,56088,56005,60398
2019-09-21,563339,103035,102886,110951
2019-09-21,563342,56318,56236,60645
2019-09-21,563689,15027,15006,16181
2019-09-21,564647,139,139,170
2019-09-21,564895,12379,12360,14224
2019-09-21,565724,53177,53101,57263
2019-09-21,566061,8,8,9
2019-09-21,566647,12350,12332,13299
2019-09-21,567434,129,129,157
2019-09-21,567538,22224,22191,24533
2019-09-21,567623,38262,38202,41202
2019-09-21,567645,14414,14395,16562
2019-09-21,567662,392638,392068,422804
2019-09-21,567664,583022,582176,627815
2019-09-22,100181,122,122,131
2019-09-22,100487,74642,74533,91004
2019-09-22,100992,501,500,576
2019-09-22,101020,27627,27587,30497
2019-09-22,101535,8162,8150,9953
2019-09-22,101954,1238,1236,1510
2019-09-22,110365,3007,3003,3238
2019-09-22,110409,20,20,24
2019-09-22,110435,12899,12880,13890
2019-09-22,110632,748,747,912
2019-09-22,200181,2541,2538,2919
2019-09-22,201184,45268,45200,48746
2019-09-22,201351,47243,47175,50874
2019-09-22,201632,1198,1197,1290
2019-09-22,201925,527,525,568
2019-09-22,204586,50,50,55
2019-09-22,205582,450798,450145,549742
2019-09-22,205611,71484,71381,76975
2019-09-22,205761,5842,5834,6711
2019-09-22,206361,17410,17386,18748
2019-09-22,206363,316004,315539,340283
2019-09-22,206440,88122,87994,94891
2019-09-22,206471,161596,161362,174015
2019-09-22,207288,28238,28200,30408
2019-09-22,207774,9206,9193,9913
2019-09-22,208532,9,9,11
2019-09-22,210413,0,0,0
2019-09-22,212377,13,13,14
2019-09-22,214099,1395,1394,1618
2019-09-22,214104,403,402,491
2019-09-22,214781,50356,50272,54224
2019-09-22,215430,0,0,0
2019-09-22,215913,2259,2256,2755
2019-09-22,216158,117530,117360,126559
2019-09-22,216173,24956,24920,26873
2019-09-22,216424,28180,28140,30345
2019-09-22,301577,136277,136081,146748
2019-09-22,304080,8608,8596,9269
2019-09-22,304763,368,368,396
2019-09-22,401131,2370,2366,2616
2019-09-22,401534,20113,20025,21658
2019-09-22,402279,7489,7477,8064
2019-09-22,407120,3609,3604,4146
2019-09-22,408789,14677,14634,15805
2019-09-22,501098,12,12,13
2019-09-22,502221,30571,30528,37270
2019-09-22,502280,13837,13818,14901
2019-09-22,502835,26832,26793,28893
2019-09-22,506536,1569,1567,1690
2019-09-22,506539,1262967,1261134,1360001
2019-09-22,507843,122213,122036,131603
2019-09-22,508456,3836,3831,4130
2019-09-22,508599,3800,3794,4093
2019-09-22,509417,7391,7380,9013
2019-09-22,509434,269010,268620,309095
2019-09-22,510003,25743,25706,27721
2019-09-22,511293,119,119,145
2019-09-22,551180,95238,94864,102556
2019-09-22,551228,11378,11357,12253
2019-09-22,551732,21922,21891,25190
2019-09-22,551736,17883,17858,19739
2019-09-22,558846,63396,63304,68267
2019-09-22,558873,50383,50300,54253
2019-09-22,560271,57241,57158,61640
2019-09-22,563339,109075,108917,117455
2019-09-22,563342,58002,57918,62458
2019-09-22,563689,16027,16004,17259
2019-09-22,564647,143,143,174
2019-09-22,564895,17060,17034,19604
2019-09-22,565724,55390,55310,59646
2019-09-22,566061,9,9,10
2019-09-22,566647,13626,13606,14673
2019-09-22,567434,136,136,166
2019-09-22,567538,25740,25703,28415
2019-09-22,567623,45731,45659,49244
2019-09-22,567645,16020,15998,18409
2019-09-22,567662,404694,404107,435787
2019-09-22,567664,743689,742610,800826
2019-09-23,100181,316,316,340
2019-09-23,100487,64139,64046,78199
2019-09-23,100992,724,722,831
2019-09-23,101020,25060,25023,27664
2019-09-23,101535,9666,9652,11788
2019-09-23,101954,1223,1221,1491
2019-09-23,110365,2992,2988,3222
2019-09-23,110409,17,17,21
2019-09-23,110435,11506,11489,12390
2019-09-23,110632,506,505,617
2019-09-23,200181,2195,2192,2522
2019-09-23,201184,38154,38097,41086
2019-09-23,201351,46779,46712,50374
2019-09-23,201632,1437,1436,1548
2019-09-23,201925,527,525,568
2019-09-23,204586,37,37,41
2019-09-23,205582,331084,330605,403753
2019-09-23,205611,73819,73712,79490
2019-09-23,205761,5863,5855,6734
2019-09-23,206361,22974,22942,24738
2019-09-23,206363,304893,304444,328318
2019-09-23,206440,77131,77018,83055
2019-09-23,206471,158301,158072,170465
2019-09-23,207288,25963,25928,27958
2019-09-23,207774,8936,8923,9623
2019-09-23,208532,7,7,9
2019-09-23,210413,0,0,0
2019-09-23,212377,12,12,13
2019-09-23,214099,1360,1359,1578
2019-09-23,214104,403,402,491
2019-09-23,214781,49513,49430,53318
2019-09-23,215430,0,0,0
2019-09-23,215913,1769,1766,2157
2019-09-23,216158,115004,114838,123838
2019-09-23,216173,23048,23015,24818
2019-09-23,216424,26480,26442,28515
2019-09-23,301577,135003,134808,145376
2019-09-23,304080,7120,7110,7668
2019-09-23,304763,410,409,441
2019-09-23,401131,3101,3097,3424
2019-09-23,401534,19804,19718,21324
2019-09-23,402279,9235,9219,9945
2019-09-23,407120,3142,3138,3610
2019-09-23,408789,13802,13761,14864
2019-09-23,501098,12,12,13
2019-09-23,502221,30298,30255,36937
2019-09-23,502280,10655,10640,11473
2019-09-23,502835,25256,25219,27196
2019-09-23,506536,1341,1340,1445
2019-09-23,506539,1160647,1158963,1249819
2019-09-23,507843,113364,113199,122073
2019-09-23,508456,3698,3693,3982
2019-09-23,508599,3799,3793,4092
2019-09-23,509417,5729,5720,6986
2019-09-23,509434,264427,264043,303829
2019-09-23,510003,17546,17521,18894
2019-09-23,511293,99,99,121
2019-09-23,551180,93545,93178,100732
2019-09-23,551228,8885,8871,9569
2019-09-23,551732,20935,20905,24055
2019-09-23,551736,18170,18145,20056
2019-09-23,558846,53760,53684,57889
2019-09-23,558873,45885,45809,49411
2019-09-23,560271,58648,58562,63154
2019-09-23,563339,99851,99707,107523
2019-09-23,563342,58009,57925,62465
2019-09-23,563689,15986,15963,17214
2019-09-23,564647,135,135,165
2019-09-23,564895,18309,18282,21037
2019-09-23,565724,56565,56483,60911
2019-09-23,566061,9,9,10
2019-09-23,566647,12785,12766,13767
2019-09-23,567434,127,127,155
2019-09-23,567538,23399,23365,25830
2019-09-23,567623,44129,44060,47519
2019-09-23,567645,14707,14688,16898
2019-09-23,567662,360862,360338,388587
2019-09-23,567664,562686,561870,605916
2019-09-24,100181,356,355,383
2019-09-24,100487,77191,77079,94112
2019-09-24,100992,778,776,894
2019-09-24,101020,26215,26177,28938
2019-09-24,101535,19497,19469,23777
2019-09-24,101954,1353,1351,1650
2019-09-24,110365,2985,2981,3215
2019-09-24,110409,35,35,43
2019-09-24,110435,15792,15769,17005
2019-09-24,110632,519,518,633
2019-09-24,200181,2569,2566,2951
2019-09-24,201184,48881,48809,52637
2019-09-24,201351,52277,52202,56293
2019-09-24,201632,1873,1871,2018
2019-09-24,201925,527,525,568
2019-09-24,204586,50,50,55
2019-09-24,205582,560575,559762,683615
2019-09-24,205611,89429,89299,96299
2019-09-24,205761,7469,7459,8579
2019-09-24,206361,30501,30457,32845
2019-09-24,206363,441411,440762,475325
2019-09-24,206440,93088,92952,100239
2019-09-24,206471,172015,171766,185232
2019-09-24,207288,32572,32526,35075
2019-09-24,207774,19801,19772,21322
2019-09-24,208532,10,10,12
2019-09-24,210413,0,0,0
2019-09-24,212377,13,13,14
2019-09-24,214099,1434,1433,1663
2019-09-24,214104,403,402,491
2019-09-24,214781,65425,65316,70451
2019-09-24,215430,0,0,0
2019-09-24,215913,2167,2164,2643
2019-09-24,216158,122257,122080,131649
2019-09-24,216173,26786,26746,28844
2019-09-24,216424,36283,36233,39070
2019-09-24,301577,138938,138738,149614
2019-09-24,304080,6214,6205,6691
2019-09-24,304763,452,451,486
2019-09-24,401131,3888,3883,4293
2019-09-24,401534,21966,21871,23653
2019-09-24,402279,10379,10361,11176
2019-09-24,407120,3008,3004,3456
2019-09-24,408789,21136,21074,22759
2019-09-24,501098,12,12,13
2019-09-24,502221,36175,36123,44102
2019-09-24,502280,16186,16164,17428
2019-09-24,502835,35044,34994,37736
2019-09-24,506536,1512,1510,1629
2019-09-24,506539,1387984,1385970,1494622
2019-09-24,507843,149621,149404,161115
2019-09-24,508456,8250,8238,8884
2019-09-24,508599,3780,3774,4070
2019-09-24,509417,7672,7661,9356
2019-09-24,509434,276240,275839,317402
2019-09-24,510003,23000,22967,24767
2019-09-24,511293,129,129,157
2019-09-24,551180,106483,106066,114664
2019-09-24,551228,11603,11583,12494
2019-09-24,551732,22178,22147,25483
2019-09-24,551736,17817,17792,19667
2019-09-24,558846,66719,66623,71843
2019-09-24,558873,51848,51764,55833
2019-09-24,560271,60222,60134,64848
2019-09-24,563339,123400,123220,132881
2019-09-24,563342,65535,65440,70570
2019-09-24,563689,18615,18587,20045
2019-09-24,564647,146,146,178
2019-09-24,564895,22361,22329,25695
2019-09-24,565724,60094,60007,64711
2019-09-24,566061,10,10,11
2019-09-24,566647,11595,11578,12486
2019-09-24,567434,124,124,151
2019-09-24,567538,30946,30901,34162
2019-09-24,567623,49789,49711,53614
2019-09-24,567645,18029,18004,20717
2019-09-24,567662,487990,487281,525482
2019-09-24,567664,701999,700980,755933
2019-09-25,100181,355,354,382
2019-09-25,100487,93880,93744,114458
2019-09-25,100992,745,744,856
2019-09-25,101020,27802,27763,30691
2019-09-25,101535,16308,16284,19888
2019-09-25,101954,1318,1316,1607
2019-09-25,110365,2985,2981,3215
2019-09-25,110409,26,26,32
2019-09-25,110435,15023,15001,16177
2019-09-25,110632,477,476,582
2019-09-25,200181,2715,2711,3119
2019-09-25,201184,51617,51541,55583
2019-09-25,201351,55067,54988,59297
2019-09-25,201632,2026,2024,2182
2019-09-25,201925,542,540,584
2019-09-25,204586,50,50,55
2019-09-25,205582,626568,625659,764091
2019-09-25,205611,95403,95265,102731
2019-09-25,205761,8924,8912,10250
2019-09-25,206361,32658,32612,35168
2019-09-25,206363,446833,446176,481162
2019-09-25,206440,105458,105306,113561
2019-09-25,206471,175918,175664,189435
2019-09-25,207288,34994,34945,37682
2019-09-25,207774,13936,13916,15007
2019-09-25,208532,7,7,9
2019-09-25,210413,0,0,0
2019-09-25,212377,13,13,14
2019-09-25,214099,1328,1327,1540
2019-09-25,214104,403,402,491
2019-09-25,214781,67739,67626,72943
2019-09-25,215430,0,0,0
2019-09-25,215913,2096,2093,2556
2019-09-25,216158,125696,125514,135353
2019-09-25,216173,29601,29557,31875
2019-09-25,216424,35049,35000,37743
2019-09-25,301577,143331,143124,154344
2019-09-25,304080,3322,3317,3577
2019-09-25,304763,364,364,392
2019-09-25,401131,3756,3751,4147
2019-09-25,401534,24334,24229,26204
2019-09-25,402279,10442,10423,11245
2019-09-25,407120,2654,2650,3049
2019-09-25,408789,20326,20266,21887
2019-09-25,501098,12,12,13
2019-09-25,502221,48124,48054,58668
2019-09-25,502280,18146,18120,19540
2019-09-25,502835,37062,37008,39910
2019-09-25,506536,1501,1499,1616
2019-09-25,506539,1605181,1602851,1728507
2019-09-25,507843,131263,131073,141348
2019-09-25,508456,10252,10237,11040
2019-09-25,508599,3728,3722,4015
2019-09-25,509417,7664,7653,9346
2019-09-25,509434,288873,288453,331918
2019-09-25,510003,26495,26456,28530
2019-09-25,511293,137,137,167
2019-09-25,551180,116217,115760,125145
2019-09-25,551228,13198,13175,14214
2019-09-25,551732,21716,21686,24953
2019-09-25,551736,17600,17575,19428
2019-09-25,558846,70480,70381,75892
2019-09-25,558873,51166,51082,55097
2019-09-25,560271,60215,60127,64841
2019-09-25,563339,149061,148844,160513
2019-09-25,563342,77885,77772,83869
2019-09-25,563689,19948,19919,21481
2019-09-25,564647,146,146,178
2019-09-25,564895,25228,25190,28987
2019-09-25,565724,58874,58789,63398
2019-09-25,566061,12,12,13
2019-09-25,566647,11533,11516,12419
2019-09-25,567434,130,130,159
2019-09-25,567538,33486,33437,36966
2019-09-25,567623,51223,51143,55158
2019-09-25,567645,22227,22197,25541
2019-09-25,567662,566168,565346,609666
2019-09-25,567664,857541,856296,923425
2019-09-26,100181,219,219,236
2019-09-26,100487,56676,56594,69098
2019-09-26,100992,609,609,700
2019-09-26,101020,22548,22516,24892
2019-09-26,101535,11032,11016,13453
2019-09-26,101954,1248,1246,1522
2019-09-26,110365,3351,3346,3609
2019-09-26,110409,17,17,21
2019-09-26,110435,11420,11403,12297
2019-09-26,110632,319,319,389
2019-09-26,200181,2733,2729,3139
2019-09-26,201184,35782,35728,38531
2019-09-26,201351,45868,45802,49391
2019-09-26,201632,1291,1290,1392
2019-09-26,201925,464,462,499
2019-09-26,204586,28,28,31
2019-09-26,205582,344694,344196,420351
2019-09-26,205611,82923,82802,89294
2019-09-26,205761,6336,6327,7276
2019-09-26,206361,31922,31876,34376
2019-09-26,206363,313814,313352,337924
2019-09-26,206440,71030,70926,76488
2019-09-26,206471,167222,166980,180070
2019-09-26,207288,24714,24680,26614
2019-09-26,207774,9224,9211,9933
2019-09-26,208532,7,7,9
2019-09-26,210413,0,0,0
2019-09-26,212377,9,9,10
2019-09-26,214099,979,978,1136
2019-09-26,214104,354,353,432
2019-09-26,214781,41904,41835,45123
2019-09-26,215430,0,0,0
2019-09-26,215913,1501,1499,1830
2019-09-26,216158,120248,120074,129486
2019-09-26,216173,16673,16649,17954
2019-09-26,216424,18535,18508,19959
2019-09-26,301577,143187,142980,154188
2019-09-26,304080,2174,2172,2340
2019-09-26,304763,291,291,313
2019-09-26,401131,3856,3850,4256
2019-09-26,401534,18144,18068,19538
2019-09-26,402279,6290,6280,6773
2019-09-26,407120,3775,3770,4337
2019-09-26,408789,11982,11948,12904
2019-09-26,501098,11,11,12
2019-09-26,502221,30593,30549,37296
2019-09-26,502280,9770,9756,10521
2019-09-26,502835,22550,22518,24283
2019-09-26,506536,1058,1057,1139
2019-09-26,506539,1338664,1336721,1441512
2019-09-26,507843,85898,85774,92497
2019-09-26,508456,11092,11076,11944
2019-09-26,508599,3522,3516,3794
2019-09-26,509417,4557,4551,5557
2019-09-26,509434,192056,191777,220674
2019-09-26,510003,13385,13366,14413
2019-09-26,511293,88,88,107
2019-09-26,551180,104734,104322,112781
2019-09-26,551228,9511,9495,10240
2019-09-26,551732,16656,16633,19138
2019-09-26,551736,12262,12246,13535
2019-09-26,558846,50249,50176,54110
2019-09-26,558873,39736,39671,42788
2019-09-26,560271,54134,54055,58295
2019-09-26,563339,100577,100432,108303
2019-09-26,563342,57178,57095,61570
2019-09-26,563689,13894,13874,14961
2019-09-26,564647,283,283,345
2019-09-26,564895,13969,13949,16051
2019-09-26,565724,44062,43998,47446
2019-09-26,566061,7,7,8
2019-09-26,566647,8695,8682,9363
2019-09-26,567434,108,108,132
2019-09-26,567538,18822,18796,20778
2019-09-26,567623,34619,34564,37279
2019-09-26,567645,12183,12165,13998
2019-09-26,567662,302819,302380,326084
2019-09-26,567664,427113,426494,459928
2019-09-27,100181,188,188,202
2019-09-27,100487,54972,54893,67022
2019-09-27,100992,597,597,686
2019-09-27,101020,22171,22138,24475
2019-09-27,101535,10414,10399,12700
2019-09-27,101954,1202,1200,1466
2019-09-27,110365,3196,3192,3442
2019-09-27,110409,17,17,21
2019-09-27,110435,10962,10946,11804
2019-09-27,110632,306,306,373
2019-09-27,200181,2937,2933,3373
2019-09-27,201184,33124,33075,35668
2019-09-27,201351,47066,46998,50681
2019-09-27,201632,1185,1184,1276
2019-09-27,201925,409,407,440
2019-09-27,204586,26,26,29
2019-09-27,205582,346218,345716,422207
2019-09-27,205611,43876,43812,47246
2019-09-27,205761,4831,4824,5548
2019-09-27,206361,31705,31659,34142
2019-09-27,206363,339770,339270,365874
2019-09-27,206440,66053,65958,71128
2019-09-27,206471,158477,158249,170653
2019-09-27,207288,23505,23473,25312
2019-09-27,207774,8889,8876,9572
2019-09-27,208532,7,7,9
2019-09-27,210413,0,0,0
2019-09-27,212377,9,9,10
2019-09-27,214099,858,857,995
2019-09-27,214104,331,331,404
2019-09-27,214781,31005,30954,33388
2019-09-27,215430,0,0,0
2019-09-27,215913,1284,1282,1566
2019-09-27,216158,120198,120024,129433
2019-09-27,216173,15230,15209,16401
2019-09-27,216424,19306,19278,20789
2019-09-27,301577,138528,138328,149171
2019-09-27,304080,1990,1988,2143
2019-09-27,304763,291,291,313
2019-09-27,401131,3630,3624,4007
2019-09-27,401534,17624,17550,18978
2019-09-27,402279,4220,4213,4545
2019-09-27,407120,3775,3770,4337
2019-09-27,408789,8597,8572,9258
2019-09-27,501098,9,9,10
2019-09-27,502221,33690,33641,41071
2019-09-27,502280,10079,10064,10855
2019-09-27,502835,20917,20887,22524
2019-09-27,506536,1175,1173,1265
2019-09-27,506539,1314738,1312830,1415748
2019-09-27,507843,77368,77256,83311
2019-09-27,508456,11965,11948,12884
2019-09-27,508599,3776,3770,4066
2019-09-27,509417,3696,3691,4508
2019-09-27,509434,186483,186212,214270
2019-09-27,510003,13102,13083,14107
2019-09-27,511293,84,84,102
2019-09-27,551180,110182,109750,118647
2019-09-27,551228,9073,9058,9771
2019-09-27,551732,14920,14900,17145
2019-09-27,551736,11134,11120,12291
2019-09-27,558846,48856,48786,52610
2019-09-27,558873,40783,40716,43916
2019-09-27,560271,51658,51584,55627
2019-09-27,563339,96971,96831,104421
2019-09-27,563342,58844,58759,63365
2019-09-27,563689,13894,13874,14961
2019-09-27,564647,276,276,337
2019-09-27,564895,12720,12702,14617
2019-09-27,565724,43516,43453,46860
2019-09-27,566061,7,7,8
2019-09-27,566647,8508,8496,9162
2019-09-27,567434,108,108,132
2019-09-27,567538,16548,16524,18268
2019-09-27,567623,32874,32822,35399
2019-09-27,567645,9705,9692,11152
2019-09-27,567662,295672,295243,318388
2019-09-27,567664,428218,427597,461118
2019-09-28,100181,306,306,330
2019-09-28,100487,62345,62255,76012
2019-09-28,100992,574,574,659
2019-09-28,101020,21730,21699,23988
2019-09-28,101535,6527,6518,7959
2019-09-28,101954,1210,1208,1476
2019-09-28,110365,2450,2447,2638
2019-09-28,110409,239,239,291
2019-09-28,110435,11316,11299,12185
2019-09-28,110632,175,175,213
2019-09-28,200181,3095,3091,3556
2019-09-28,201184,36846,36791,39677
2019-09-28,201351,46491,46424,50062
2019-09-28,201632,1158,1157,1248
2019-09-28,201925,439,437,472
2019-09-28,204586,43,43,47
2019-09-28,205582,403992,403406,492664
2019-09-28,205611,39225,39168,42239
2019-09-28,205761,4550,4544,5225
2019-09-28,206361,32260,32213,34740
2019-09-28,206363,431521,430886,464674
2019-09-28,206440,61886,61797,66640
2019-09-28,206471,148354,148139,159752
2019-09-28,207288,24710,24677,26606
2019-09-28,207774,8954,8941,9642
2019-09-28,208532,7,7,9
2019-09-28,210413,0,0,0
2019-09-28,212377,13,13,14
2019-09-28,214099,1083,1082,1256
2019-09-28,214104,335,335,409
2019-09-28,214781,31756,31704,34196
2019-09-28,215430,0,0,0
2019-09-28,215913,1598,1596,1949
2019-09-28,216158,118575,118404,127686
2019-09-28,216173,15975,15952,17203
2019-09-28,216424,18265,18239,19670
2019-09-28,301577,140628,140425,151432
2019-09-28,304080,3585,3581,3860
2019-09-28,304763,247,247,266
2019-09-28,401131,3551,3545,3921
2019-09-28,401534,17091,17018,18405
2019-09-28,402279,3949,3943,4254
2019-09-28,407120,3939,3934,4526
2019-09-28,408789,7785,7763,8384
2019-09-28,501098,12,12,13
2019-09-28,502221,32750,32703,39925
2019-09-28,502280,12006,11988,12929
2019-09-28,502835,21551,21520,23207
2019-09-28,506536,1129,1128,1216
2019-09-28,506539,1177964,1176254,1268465
2019-09-28,507843,80952,80835,87171
2019-09-28,508456,13829,13809,14891
2019-09-28,508599,2498,2494,2691
2019-09-28,509417,3845,3840,4689
2019-09-28,509434,187419,187147,215346
2019-09-28,510003,12416,12398,13371
2019-09-28,511293,88,88,107
2019-09-28,551180,114892,114441,123716
2019-09-28,551228,10227,10210,11012
2019-09-28,551732,17634,17610,20262
2019-09-28,551736,12504,12489,13804
2019-09-28,558846,51222,51147,55157
2019-09-28,558873,31946,31894,34400
2019-09-28,560271,55933,55852,60230
2019-09-28,563339,100543,100398,108268
2019-09-28,563342,65486,65391,70517
2019-09-28,563689,12613,12594,13583
2019-09-28,564647,311,311,379
2019-09-28,564895,11248,11232,12924
2019-09-28,565724,39567,39510,42606
2019-09-28,566061,7,7,8
2019-09-28,566647,9480,9466,10208
2019-09-28,567434,108,108,132
2019-09-28,567538,17838,17812,19691
2019-09-28,567623,32835,32784,35357
2019-09-28,567645,9921,9908,11399
2019-09-28,567662,342872,342375,369215
2019-09-28,567664,453239,452581,488061
2019-09-29,100181,306,306,330
2019-09-29,100487,63775,63683,77755
2019-09-29,100992,578,578,664
2019-09-29,101020,21688,21656,23942
2019-09-29,101535,6056,6047,7385
2019-09-29,101954,1233,1231,1504
2019-09-29,110365,1928,1925,2076
2019-09-29,110409,213,213,260
2019-09-29,110435,13791,13771,14850
2019-09-29,110632,188,188,229
2019-09-29,200181,3119,3115,3583
2019-09-29,201184,41681,41619,44884
2019-09-29,201351,48432,48362,52153
2019-09-29,201632,1323,1322,1424
2019-09-29,201925,572,570,616
2019-09-29,204586,50,50,55
2019-09-29,205582,434329,433699,529660
2019-09-29,205611,36093,36040,38866
2019-09-29,205761,4791,4785,5502
2019-09-29,206361,32226,32180,34703
2019-09-29,206363,447107,446449,481458
2019-09-29,206440,65916,65823,70979
2019-09-29,206471,141012,140807,151847
2019-09-29,207288,29031,28993,31261
2019-09-29,207774,9079,9066,9777
2019-09-29,208532,8,8,10
2019-09-29,210413,0,0,0
2019-09-29,212377,13,13,14
2019-09-29,214099,1150,1149,1334
2019-09-29,214104,403,402,491
2019-09-29,214781,33676,33620,36264
2019-09-29,215430,0,0,0
2019-09-29,215913,1850,1847,2256
2019-09-29,216158,122370,122193,131772
2019-09-29,216173,17792,17767,19157
2019-09-29,216424,18428,18402,19844
2019-09-29,301577,148120,147906,159501
2019-09-29,304080,4011,4005,4319
2019-09-29,304763,252,252,271
2019-09-29,401131,3383,3377,3735
2019-09-29,401534,17276,17202,18603
2019-09-29,402279,4249,4242,4576
2019-09-29,407120,3828,3823,4398
2019-09-29,408789,9757,9727,10509
2019-09-29,501098,12,12,13
2019-09-29,502221,41501,41442,50595
2019-09-29,502280,14191,14171,15281
2019-09-29,502835,24203,24167,26063
2019-09-29,506536,1745,1743,1880
2019-09-29,506539,1242532,1240729,1337995
2019-09-29,507843,89973,89843,96886
2019-09-29,508456,15292,15270,16467
2019-09-29,508599,2510,2507,2703
2019-09-29,509417,2759,2755,3364
2019-09-29,509434,213176,212866,244942
2019-09-29,510003,17389,17364,18725
2019-09-29,511293,99,99,121
2019-09-29,551180,124330,123842,133881
2019-09-29,551228,12291,12268,13234
2019-09-29,551732,20425,20397,23471
2019-09-29,551736,13998,13979,15450
2019-09-29,558846,53810,53734,57945
2019-09-29,558873,28144,28097,30307
2019-09-29,560271,59096,59011,63637
2019-09-29,563339,105922,105769,114060
2019-09-29,563342,66963,66866,72108
2019-09-29,563689,13322,13303,14346
2019-09-29,564647,320,320,390
2019-09-29,564895,13158,13139,15119
2019-09-29,565724,44945,44880,48398
2019-09-29,566061,7,7,8
2019-09-29,566647,10093,10078,10868
2019-09-29,567434,110,110,134
2019-09-29,567538,20074,20045,22160
2019-09-29,567623,33878,33825,36480
2019-09-29,567645,10981,10964,12618
2019-09-29,567662,345816,345314,372385
2019-09-29,567664,557465,556656,600294
2019-09-30,100181,14,14,15
2019-09-30,100487,85770,85646,104572
2019-09-30,100992,561,560,645
2019-09-30,101020,25230,25194,27852
2019-09-30,101535,6608,6598,8059
2019-09-30,101954,1297,1295,1582
2019-09-30,110365,1808,1806,1947
2019-09-30,110409,314,314,383
2019-09-30,110435,19829,19800,21352
2019-09-30,110632,261,261,318
2019-09-30,200181,3101,3097,3562
2019-09-30,201184,45877,45809,49401
2019-09-30,201351,59380,59295,63943
2019-09-30,201632,2752,2749,2963
2019-09-30,201925,578,576,623
2019-09-30,204586,52,52,57
2019-09-30,205582,649199,648258,791690
2019-09-30,205611,40188,40130,43275
2019-09-30,205761,6215,6207,7138
2019-09-30,206361,29852,29809,32146
2019-09-30,206363,427925,427295,460801
2019-09-30,206440,91289,91159,98303
2019-09-30,206471,142653,142446,153615
2019-09-30,207288,40872,40814,44012
2019-09-30,207774,12172,12154,13107
2019-09-30,208532,9,9,11
2019-09-30,210413,0,0,0
2019-09-30,212377,13,13,14
2019-09-30,214099,1182,1181,1371
2019-09-30,214104,403,402,491
2019-09-30,214781,53866,53777,58005
2019-09-30,215430,0,0,0
2019-09-30,215913,2191,2188,2672
2019-09-30,216158,129500,129313,139449
2019-09-30,216173,27135,27095,29220
2019-09-30,216424,31061,31017,33446
2019-09-30,301577,151039,150821,162644
2019-09-30,304080,6181,6172,6655
2019-09-30,304763,342,342,368
2019-09-30,401131,4237,4231,4677
2019-09-30,401534,19990,19902,21526
2019-09-30,402279,5140,5131,5535
2019-09-30,407120,4523,4517,5197
2019-09-30,408789,16553,16505,17824
2019-09-30,501098,12,12,13
2019-09-30,502221,63586,63494,77518
2019-09-30,502280,22791,22757,24543
2019-09-30,502835,40392,40333,43496
2019-09-30,506536,2439,2436,2626
2019-09-30,506539,1394101,1392078,1501208
2019-09-30,507843,132208,132017,142366
2019-09-30,508456,15118,15096,16279
2019-09-30,508599,2848,2843,3067
2019-09-30,509417,4205,4199,5128
2019-09-30,509434,246205,245847,282892
2019-09-30,510003,25881,25843,27869
2019-09-30,511293,150,150,183
2019-09-30,551180,145817,145243,157022
2019-09-30,551228,16999,16969,18306
2019-09-30,551732,20859,20830,23969
2019-09-30,551736,15351,15329,16944
2019-09-30,558846,69356,69256,74685
2019-09-30,558873,32709,32655,35222
2019-09-30,560271,59813,59727,64408
2019-09-30,563339,163582,163344,176150
2019-09-30,563342,90363,90232,97306
2019-09-30,563689,17478,17452,18820
2019-09-30,564647,350,349,427
2019-09-30,564895,19349,19320,22233
2019-09-30,565724,58336,58252,62818
2019-09-30,566061,12,12,13
2019-09-30,566647,10336,10321,11130
2019-09-30,567434,136,136,166
2019-09-30,567538,33262,33214,36719
2019-09-30,567623,40662,40599,43786
2019-09-30,567645,16676,16653,19162
2019-09-30,567662,592088,591229,637578
2019-09-30,567664,884689,883405,952659
