date,shop,genre,sales,units,orders,page_views,visitors,carts,reviews_posted,avg_rating,review_count
2025-05-14,113,215430,0,0,0,6,6,0,0,,0
2025-05-14,113,551228,0,0,0,29,29,0,0,4.0,1
2025-05-14,402,101020,85618,39,39,225,206,13756,3,4.29,4922
2025-05-14,402,200181,0,0,0,1,1,0,0,,0
2025-05-14,402,204586,0,0,0,2,2,0,0,,0
2025-05-14,402,205582,0,0,0,1,1,0,0,,0
2025-05-14,402,214781,2370,1,1,10,10,2370,0,4.0,25
2025-05-14,402,216173,0,0,0,1,1,0,0,,0
2025-05-14,402,216424,0,0,0,2,2,0,0,5.0,4
2025-05-14,402,402279,0,0,0,2,2,0,0,,0
2025-05-14,402,506536,0,0,0,2,1,0,0,,0
2025-05-14,402,510003,34000,5,5,111,98,13600,0,4.44,73
2025-05-14,402,565724,0,0,0,5,5,0,0,5.0,1
2025-05-14,717,408789,0,0,0,19,19,0,0,4.61,28
2025-05-14,1289,205761,5520,1,1,32,29,5520,0,4.6,5
2025-05-14,1289,216424,0,0,0,8,8,0,0,,0
2025-05-14,1289,567538,0,0,0,21,20,0,0,4.43,7
2025-05-14,1501,205582,0,0,0,2,2,0,0,,0
2025-05-14,1501,215913,0,0,0,13,13,0,0,,0
2025-05-14,1501,402279,0,0,0,9,9,0,0,,0
2025-05-14,1501,551228,0,0,0,13,13,0,0,,0
2025-05-14,1672,205611,0,0,0,2,2,0,0,,0
2025-05-14,1672,207288,0,0,0,6,4,0,0,,0
2025-05-14,1672,551228,0,0,0,8,8,0,0,,0
2025-05-14,1672,551732,0,0,0,2,2,0,0,,0
2025-05-14,1740,206471,0,0,0,2,2,0,0,5.0,1
2025-05-14,1918,101535,106108,21,21,522,474,48918,3,4.69,2928
2025-05-14,1918,207774,0,0,0,55,51,0,0,4.69,516
2025-05-14,2115,207288,0,0,0,1,1,0,0,4.56,39
2025-05-14,2115,508599,0,0,0,1,1,0,0,,0
2025-05-14,2171,101535,0,0,0,2,2,0,0,4.6,30
2025-05-14,2326,201925,0,0,0,5,5,0,0,4.5,2
2025-05-14,2326,204934,20000,1,1,316,303,20000,0,4.82,17
2025-05-14,2326,204964,132754,27,27,630,600,56660,1,4.52,389
2025-05-14,2326,207966,198728,5,5,394,362,146728,0,4.37,16
2025-05-14,2326,408789,0,0,0,11,7,0,0,,0
2025-05-14,2326,502280,0,0,0,3,1,0,0,4.0,1
2025-05-14,2326,506012,16619,2,2,31,31,16619,0,4.54,22
2025-05-14,2363,214099,0,0,0,1,1,0,0,5.0,2
2025-05-14,2363,506539,0,0,0,24,24,0,0,4.88,8
2025-05-14,2457,216424,0,0,0,4,4,0,0,4.61,18
2025-05-14,2457,551180,0,0,0,12,12,0,0,4.83,35
2025-05-14,2550,216173,0,0,0,1,1,0,0,,0
2025-05-14,2550,216424,0,0,0,1,1,0,0,5.0,9
2025-05-14,2550,506536,0,0,0,1,1,0,0,,0
2025-05-14,2550,506539,0,0,0,1,1,0,0,,0
2025-05-14,2550,551228,0,0,0,1,1,0,0,,0
2025-05-14,2550,551732,0,0,0,2,2,0,0,,0
2025-05-14,2550,551736,0,0,0,5,3,0,0,4.33,6
2025-05-14,2550,566647,0,0,0,1,1,0,0,,0
2025-05-14,2550,567554,0,0,0,2,2,0,0,,0
2025-05-14,2550,567645,0,0,0,2,2,0,0,4.49,531
2025-05-14,2784,207288,0,0,0,2,2,0,0,3.5,2
2025-05-14,2784,408789,0,0,0,15,15,0,0,4.22,28
2025-05-14,2784,551180,22498,7,7,106,101,18906,0,4.59,247
2025-05-14,2784,558846,0,0,0,42,35,0,0,4.74,31
2025-05-14,2784,558873,0,0,0,4,4,0,0,4.67,6
2025-05-14,2784,560271,0,0,0,3,3,0,0,4.67,9
2025-05-14,3223,201632,0,0,0,5,6,0,0,5.0,4
2025-05-14,3223,205272,0,0,0,1,1,0,0,,0
2025-05-14,3223,207288,0,0,0,2,2,0,0,,0
2025-05-14,3223,214099,0,0,0,11,10,0,0,4.8,5
2025-05-14,3223,402279,0,0,0,1,1,0,0,5.0,1
2025-05-14,3223,502221,0,0,0,1,1,0,0,,0
2025-05-14,3223,551736,0,0,0,16,15,0,0,4.6,10
2025-05-14,3260,205272,0,0,0,1,1,0,0,,0
2025-05-14,3260,205582,0,0,0,1,1,0,0,,0
2025-05-14,3260,506539,0,0,0,1,1,0,0,5.0,2
2025-05-14,3260,551736,0,0,0,1,1,0,0,,0
2025-05-14,3260,567645,0,0,0,2,2,0,0,,0
2025-05-14,3290,551228,33044,1,1,174,169,33044,0,4.47,183
2025-05-14,3915,201184,0,0,0,5,5,0,0,2.5,2
2025-05-14,3915,214099,0,0,0,1,1,0,0,4.33,3
2025-05-14,3915,566061,0,0,0,1,1,0,0,5.0,3
2025-05-14,3915,567645,1490,1,1,15,15,1490,0,4.37,658
2025-05-14,4493,110365,0,0,0,2,2,0,0,4.5,2
2025-05-14,4493,207288,2899,2,2,65,60,2899,0,3.93,492
2025-05-14,4493,216173,2560,2,2,22,20,1280,0,4.24,25
2025-05-14,4493,401534,0,0,0,5,5,0,0,4.0,4
2025-05-14,4493,408789,0,0,0,23,19,0,0,4.42,157
2025-05-14,4770,301577,0,0,0,69,67,0,0,4.62,13
2025-05-14,4770,408789,0,0,0,32,32,0,0,4.5,6
2025-05-14,4770,502221,0,0,0,10,10,0,0,5.0,1
2025-05-14,4770,502280,0,0,0,12,12,0,0,5.0,1
2025-05-14,4905,216158,0,0,0,7,7,0,0,,0
2025-05-14,5292,100487,6000,2,2,47,45,3000,0,4.32,37
2025-05-14,5292,207288,0,0,0,2,2,0,0,,0
2025-05-14,5567,510003,0,0,0,1,1,0,0,4.83,6
2025-05-14,5573,205611,0,0,0,13,12,0,0,,0
2025-05-14,5573,215430,0,0,0,5,5,0,0,,0
2025-05-14,5573,551228,0,0,0,28,28,0,0,4.1,10
2025-05-14,5573,563689,0,0,0,1,1,0,0,,0
2025-05-14,5590,206440,32175,6,6,530,484,22211,4,4.4,798
2025-05-14,5590,206471,0,0,0,6,6,0,0,,0
2025-05-14,6174,401131,3980,2,2,85,83,3980,0,4.81,85
2025-05-14,6174,408789,12980,11,11,405,388,4859,0,4.58,930
2025-05-14,6174,551180,288910,100,100,4201,3968,170598,10,4.68,7004
2025-05-14,6174,558846,46280,11,11,374,356,27078,0,4.6,682
2025-05-14,6174,558873,0,0,0,155,152,0,0,4.24,676
2025-05-14,6986,100992,3300,1,1,4,4,3300,0,4.62,267
2025-05-14,6986,101020,1600,1,1,8,7,1600,0,4.35,244
2025-05-14,6986,567623,0,0,0,4,4,0,0,4.44,80
2025-05-14,7362,216173,21588,12,12,86,83,1799,0,5.0,1
2025-05-14,7362,502280,0,0,0,2,2,0,0,,0
2025-05-14,7545,110365,0,0,0,5,4,0,0,4.82,239
2025-05-14,7545,402279,0,0,0,12,11,0,0,4.57,14
2025-05-14,7683,100487,22760,4,4,248,234,22760,0,4.76,3461
2025-05-14,7735,205761,7362,2,2,30,29,7362,0,4.5,8
2025-05-14,7735,216424,0,0,0,1,1,0,0,,0
2025-05-14,7735,502835,0,0,0,4,4,0,0,,0
2025-05-14,7765,205582,12800,1,1,5,5,12800,0,5.0,4
2025-05-14,7867,100487,15800,1,1,90,90,15800,0,4.59,209
2025-05-14,7867,110365,5438,1,1,89,83,5438,0,4.2,35
2025-05-14,7867,207288,0,0,0,3,3,0,0,,0
2025-05-14,8315,215913,0,0,0,1,1,0,0,5.0,3
2025-05-14,8315,401534,0,0,0,2,2,0,0,5.0,1
2025-05-14,8650,551228,0,0,0,8,7,0,0,4.57,7
2025-05-14,8959,201184,0,0,0,1,1,0,0,4.52,79
2025-05-14,8959,201351,0,0,0,3,3,0,0,,0
2025-05-14,8959,506536,0,0,0,12,11,0,0,,0
2025-05-14,9038,206471,0,0,0,6,6,0,0,,0
2025-05-14,9038,401534,0,0,0,5,4,0,0,,0
2025-05-14,9085,207288,0,0,0,3,3,0,0,4.4,25
2025-05-14,9389,206440,0,0,0,1,1,0,0,,0
2025-05-14,9389,206471,0,0,0,5,4,0,0,,0
2025-05-14,9389,215430,0,0,0,4,4,0,0,,0
2025-05-14,9389,408789,0,0,0,1,1,0,0,,0
2025-05-14,9389,502280,0,0,0,1,1,0,0,,0
2025-05-14,9389,551180,16000,2,2,31,27,16000,0,,0
2025-05-14,9389,551228,0,0,0,3,2,0,0,,0
2025-05-14,9389,558846,35000,1,1,102,92,35000,0,5.0,2
2025-05-14,9389,558873,0,0,0,17,14,0,0,5.0,2
2025-05-14,9903,506539,0,0,0,8,6,0,0,4.18,11
2025-05-14,10130,205611,2690,1,1,6,6,2690,0,4.66,56
2025-05-14,10130,206440,25970,11,11,602,570,9185,1,4.07,3505
2025-05-14,10130,206471,4280,2,2,249,245,4280,0,4.04,457
2025-05-14,10130,216158,0,0,0,2,2,0,0,4.07,14
2025-05-14,10130,216173,0,0,0,16,16,0,0,4.11,66
2025-05-14,10130,551732,0,0,0,8,8,0,0,3.4,5
2025-05-14,10130,558873,4600,2,2,161,151,2300,0,4.25,67
2025-05-14,10130,560271,0,0,0,4,4,0,0,4.0,1
2025-05-14,10403,205582,12220,2,2,16,12,6110,0,3.0,1
2025-05-14,10403,551228,0,0,0,36,34,0,0,5.0,2
2025-05-14,10612,205582,0,0,0,16,15,0,0,4.24,122
2025-05-14,10612,551228,0,0,0,1,1,0,0,4.0,3
2025-05-14,10764,100181,0,0,0,1,1,0,0,,0
2025-05-14,10764,205761,0,0,0,1,1,0,0,4.25,4
2025-05-14,10764,215913,27892,1,1,58,57,27892,0,4.76,49
2025-05-14,10764,551228,0,0,0,67,67,0,0,4.67,9
2025-05-14,10764,567554,0,0,0,1,1,0,0,5.0,1
2025-05-14,10801,201925,21620,3,3,69,63,21620,0,4.57,28
2025-05-14,10801,215913,0,0,0,20,20,0,0,4.6,5
2025-05-14,10801,402279,105970,19,19,1544,1416,48862,2,4.55,483
2025-05-14,10801,502835,0,0,0,5,5,0,0,,0
2025-05-14,10801,508456,0,0,0,9,8,0,0,4.36,22
2025-05-14,10801,551180,0,0,0,3,3,0,0,,0
2025-05-14,10801,567554,0,0,0,6,6,0,0,,0
2025-05-14,11066,204964,7960,2,2,6,6,3980,0,4.39,18
2025-05-14,11361,205582,0,0,0,19,19,0,0,4.57,14
2025-05-14,11361,205611,0,0,0,11,11,0,0,4.67,3
2025-05-14,11361,215430,0,0,0,39,36,0,0,,0
2025-05-14,11361,551228,363030,41,41,4422,4176,251952,2,4.44,4344
2025-05-14,11671,206440,0,0,0,40,38,0,0,5.0,1
2025-05-14,11671,206471,13800,1,1,57,52,13800,0,,0
2025-05-14,11671,408789,0,0,0,3,3,0,0,,0
2025-05-14,11842,100487,0,0,0,31,28,0,0,3.57,14
2025-05-14,11847,206440,0,0,0,36,33,0,0,4.56,9
2025-05-14,11847,206471,0,0,0,32,28,0,0,5.0,2
2025-05-14,11847,216424,5400,1,1,5,5,5400,0,4.84,25
2025-05-14,11871,560271,1480,1,1,56,54,1480,0,4.45,190
2025-05-14,12011,110365,0,0,0,8,6,0,0,4.71,21
2025-05-14,12011,206471,0,0,0,1,1,0,0,4.67,3
2025-05-14,12011,560271,7264,6,6,224,209,3766,0,4.26,133
2025-05-14,12698,201925,122781,51,51,2021,1884,19926,1,4.61,1861
2025-05-14,12698,551228,0,0,0,1,1,0,0,,0
2025-05-14,12698,567554,0,0,0,1,1,0,0,,0
2025-05-14,12879,206440,0,0,0,2,2,0,0,5.0,2
2025-05-14,12879,206471,0,0,0,11,10,0,0,,0
2025-05-14,12879,216173,0,0,0,2,2,0,0,5.0,1
2025-05-14,12879,401534,3491,1,1,33,31,3491,0,4.0,5
2025-05-14,12879,408789,0,0,0,1,1,0,0,,0
2025-05-14,12879,502280,0,0,0,3,2,0,0,5.0,1
2025-05-14,12879,551180,11000,3,3,90,85,6500,0,4.62,66
2025-05-14,12879,558846,0,0,0,44,42,0,0,4.8,5
2025-05-14,12879,558873,0,0,0,9,9,0,0,3.87,24
2025-05-14,12879,567434,800,2,2,7,6,800,0,4.74,23
2025-05-14,12998,207288,0,0,0,16,16,0,0,,0
2025-05-14,12998,216424,0,0,0,2,2,0,0,4.0,1
2025-05-14,12998,304080,0,0,0,4,4,0,0,,0
2025-05-14,12998,407120,0,0,0,1,1,0,0,,0
2025-05-14,12998,551180,27500,4,4,296,281,19250,0,4.7,350
2025-05-14,12998,558846,0,0,0,19,18,0,0,5.0,2
2025-05-14,12998,558873,0,0,0,39,38,0,0,,0
2025-05-14,12998,567538,10500,1,1,5,5,10500,0,4.0,2
2025-05-14,13062,401131,0,0,0,55,52,0,0,,0
2025-05-14,13157,201351,5868,2,2,84,83,5868,0,4.0,17
2025-05-14,13157,506536,6576,1,1,108,106,6576,0,4.5,26
2025-05-14,13415,100487,9000,3,3,477,438,5400,0,4.55,469
2025-05-14,13423,214099,19891,11,11,430,409,10876,0,4.76,435
2025-05-14,13423,564647,0,0,0,33,32,0,1,4.7,40
2025-05-14,13423,567645,4216,1,1,1,1,4216,0,4.67,18
2025-05-14,13492,301577,0,0,0,14,12,0,0,4.53,47
2025-05-14,13492,408789,4980,1,1,40,38,4980,0,4.47,15
2025-05-14,13587,100181,0,0,0,5,5,0,0,4.52,86
2025-05-14,13587,110365,1799,1,1,18,17,1799,0,4.6,10
2025-05-14,13587,204964,0,0,0,2,2,0,0,4.36,87
2025-05-14,13587,207288,0,0,0,7,7,0,0,3.8,308
2025-05-14,13587,216173,1798,2,2,33,33,899,0,4.37,1725
2025-05-14,13587,301577,0,0,0,2,2,0,0,4.47,17
2025-05-14,13587,401131,0,0,0,50,49,0,0,4.72,14
2025-05-14,13587,401534,0,0,0,7,7,0,0,4.67,3
2025-05-14,13587,408789,0,0,0,5,4,0,0,4.43,7
2025-05-14,13587,508456,0,0,0,5,5,0,0,,0
2025-05-14,13587,509434,55969,35,35,453,430,10970,4,4.53,21999
2025-05-14,13587,551732,0,0,0,7,6,0,0,4.59,17
2025-05-14,13587,551736,0,0,0,1,1,0,0,,0
2025-05-14,13587,555421,0,0,0,1,1,0,0,4.29,1160
2025-05-14,13587,560271,0,0,0,17,17,0,0,4.28,432
2025-05-14,13739,110365,0,0,0,1,1,0,0,5.0,1
2025-05-14,13739,201632,0,0,0,3,3,0,0,4.75,8
2025-05-14,13739,202502,0,0,0,22,22,0,0,4.17,124
2025-05-14,14513,101535,7800,2,2,9,9,7800,0,4.16,297
2025-05-14,14513,110409,3400,2,2,60,59,3400,1,4.31,2803
2025-05-14,14513,207774,0,0,0,25,25,0,0,4.35,162
2025-05-14,14721,110435,0,0,0,3,3,0,0,4.75,4
2025-05-14,14721,214104,0,0,0,3,3,0,0,4.52,1233
2025-05-14,14755,110365,0,0,0,22,22,0,0,4.29,7
2025-05-14,14755,201925,0,0,0,36,35,0,0,,0
2025-05-14,14755,207288,800,1,1,33,27,800,0,4.5,2
2025-05-14,14755,214099,0,0,0,16,16,0,0,4.0,3
2025-05-14,14755,402279,0,0,0,122,119,0,1,4.67,3
2025-05-14,14755,408789,0,0,0,1,1,0,0,,0
2025-05-14,14755,551180,0,0,0,57,54,0,0,5.0,1
2025-05-14,14755,558846,0,0,0,20,17,0,0,5.0,2
2025-05-14,14755,560271,4000,1,1,50,46,4000,0,5.0,7
2025-05-14,14755,567623,0,0,0,1,1,0,0,4.4,5
2025-05-14,14982,215430,0,0,0,1,1,0,0,,0
2025-05-14,14982,551228,0,0,0,8,8,0,0,4.59,17
2025-05-14,15355,408789,0,0,0,6,6,0,0,4.5,6
2025-05-14,15355,506536,0,0,0,1,1,0,0,,0
2025-05-14,15587,205611,0,0,0,6,6,0,0,,0
2025-05-14,15592,110365,484,1,1,11,11,484,0,5.0,4
2025-05-14,15592,215913,0,0,0,3,3,0,0,,0
2025-05-14,15592,408789,0,0,0,13,13,0,0,4.33,15
2025-05-14,15657,401534,9900,3,3,246,239,9900,0,4.51,298
2025-05-14,16027,100181,0,0,0,3,3,0,0,3.0,2
2025-05-14,16027,205611,0,0,0,6,6,0,0,,0
2025-05-14,16027,205761,0,0,0,1,1,0,0,5.0,1
2025-05-14,16027,216173,0,0,0,1,1,0,0,,0
2025-05-14,16027,401534,0,0,0,2,2,0,0,,0
2025-05-14,16027,402279,0,0,0,1,1,0,0,,0
2025-05-14,16027,408789,0,0,0,24,22,0,0,,0
2025-05-14,16027,551228,0,0,0,1,1,0,0,,0
2025-05-14,16027,551732,1000,1,1,41,40,1000,0,5.0,7
2025-05-14,16027,551736,2700,3,3,70,69,2700,0,4.7,10
2025-05-14,16027,567434,8000,1,1,9,9,8000,0,4.5,4
2025-05-14,16739,301577,0,0,0,2,2,0,0,,0
2025-05-14,16739,502835,0,0,0,185,173,0,0,3.0,11
2025-05-14,16739,506012,0,0,0,24,23,0,0,4.5,2
2025-05-14,16739,508456,0,0,0,2,2,0,0,,0
2025-05-14,16739,509417,0,0,0,1,1,0,0,4.0,1
2025-05-14,16739,509434,0,0,0,2,2,0,0,4.67,3
2025-05-14,16739,554973,0,0,0,1,1,0,0,,0
2025-05-14,16739,564286,0,0,0,52,45,0,0,,0
2025-05-14,16739,564895,0,0,0,36,34,0,0,,0
2025-05-14,16739,566403,36800,1,1,309,301,36800,0,4.82,11
2025-05-14,16765,206361,110730,20,20,797,747,91620,0,4.61,3589
2025-05-14,16765,206363,11970,2,2,79,78,11970,0,4.42,116
2025-05-14,16765,551180,0,0,0,1,1,0,0,5.0,1
2025-05-14,16765,558846,129160,32,32,788,723,61362,1,4.42,2692
2025-05-14,16765,558873,35790,2,2,274,258,35790,0,4.58,1166
2025-05-14,17250,110365,0,0,0,2,2,0,0,5.0,2
2025-05-14,17250,216173,0,0,0,1,1,0,0,3.0,1
2025-05-14,17250,301577,0,0,0,7,6,0,0,4.5,4
2025-05-14,17250,551180,0,0,0,4,4,0,0,,0
2025-05-14,17250,560271,8150,8,8,151,147,7550,0,4.37,504
2025-05-14,17277,101535,0,0,0,1,1,0,0,4.13,8
2025-05-14,17277,201351,0,0,0,2,2,0,0,4.8,5
2025-05-14,17277,205761,0,0,0,5,5,0,0,5.0,1
2025-05-14,17277,501098,0,0,0,2,2,0,0,,0
2025-05-14,17277,506539,0,0,0,15,14,0,0,4.29,17
2025-05-14,17277,551736,0,0,0,1,1,0,0,,0
2025-05-14,17307,201925,0,0,0,3,3,0,0,4.0,5
2025-05-14,17307,216173,0,0,0,2,2,0,0,4.17,6
2025-05-14,17307,301577,0,0,0,66,59,0,0,4.34,78
2025-05-14,17307,408789,0,0,0,1,1,0,0,,0
2025-05-14,17307,551228,0,0,0,6,6,0,0,,0
2025-05-14,17413,205761,0,0,0,1,1,0,0,,0
2025-05-14,17413,214781,0,0,0,3,3,0,0,4.0,3
2025-05-14,17413,216424,0,0,0,5,4,0,0,4.33,3
2025-05-14,17413,566061,23068,3,3,63,60,17074,0,4.93,14
2025-05-14,17413,567251,0,0,0,25,24,0,0,5.0,4
2025-05-14,17413,567645,0,0,0,6,6,0,1,4.67,3
2025-05-14,17497,110435,5600,3,3,28,27,1867,0,4.28,32
2025-05-14,17497,207802,12800,1,1,138,132,12800,0,4.77,403
2025-05-14,17497,214099,34820,12,12,48,47,25486,0,4.44,558
2025-05-14,17658,201632,0,0,0,2,2,0,0,5.0,2
2025-05-14,17658,205272,0,0,0,7,7,0,0,,0
2025-05-14,17658,205582,0,0,0,1,1,0,0,,0
2025-05-14,17658,206440,0,0,0,11,11,0,0,,0
2025-05-14,17658,206471,0,0,0,5,5,0,0,,0
2025-05-14,17658,207288,0,0,0,1,1,0,0,5.0,5
2025-05-14,17658,216173,0,0,0,4,4,0,0,,0
2025-05-14,17658,401534,3580,1,1,8,6,3580,0,4.86,21
2025-05-14,17658,402279,0,0,0,1,1,0,0,5.0,1
2025-05-14,17658,551228,0,0,0,3,3,0,0,,0
2025-05-14,17658,558846,0,0,0,1,1,0,0,,0
2025-05-14,17797,101020,28480,5,5,21,20,12500,0,4.46,1020
2025-05-14,17797,204586,0,0,0,64,57,0,0,4.75,48
2025-05-14,17878,110365,1000,1,1,43,43,1000,0,4.39,18
2025-05-14,17878,206440,16950,3,3,140,133,16950,0,4.4,80
2025-05-14,17878,206471,58710,15,15,868,802,41496,1,4.38,488
2025-05-14,17878,207288,0,0,0,1,1,0,0,,0
2025-05-14,17878,216158,0,0,0,5,5,0,0,5.0,1
2025-05-14,17878,301577,0,0,0,1,1,0,0,,0
2025-05-14,17878,401534,1990,1,1,136,134,1990,0,4.32,219
2025-05-14,17878,408789,0,0,0,53,50,0,0,4.41,111
2025-05-14,17878,551736,0,0,0,2,2,0,0,4.4,5
2025-05-14,17970,100487,1980,1,1,54,53,1980,0,4.6,25
2025-05-14,17973,567538,7200,1,1,5,5,7200,0,4.37,35
2025-05-14,18323,206440,19800,3,3,477,457,19800,0,4.43,95
2025-05-14,18372,110365,0,0,0,14,14,0,0,4.16,26
2025-05-14,18372,560271,56510,32,32,1294,1200,20460,2,4.31,6093
2025-05-14,18395,502280,0,0,0,2,1,0,0,,0
2025-05-14,18395,502835,38000,1,1,74,74,38000,0,4.72,18
2025-05-14,18395,560271,0,0,0,15,15,0,0,4.0,3
2025-05-14,18431,206471,0,0,0,59,59,0,0,5.0,10
2025-05-14,18433,206361,197760,17,17,1231,1174,59720,1,4.49,422
2025-05-14,18433,206363,0,0,0,36,33,0,0,4.6,15
2025-05-14,18433,206440,0,0,0,1,1,0,0,,0
2025-05-14,18433,206471,57310,11,11,645,621,25610,1,4.45,119
2025-05-14,18433,551180,76890,18,18,646,593,23375,1,4.43,65
2025-05-14,18433,558846,16420,4,4,177,155,11440,0,4.3,117
2025-05-14,18433,558873,8480,1,1,203,195,8480,0,4.52,217
2025-05-14,18531,207288,0,0,0,2,2,0,0,1.0,1
2025-05-14,18531,401534,0,0,0,4,3,0,1,5.0,1
2025-05-14,18531,560271,0,0,0,4,3,0,0,4.3,93
2025-05-14,18650,205611,0,0,0,8,8,0,0,4.4,53
2025-05-14,18650,206440,3800,1,1,192,176,3800,0,3.9,1061
2025-05-14,18650,206471,12460,4,4,193,183,3115,0,4.07,250
2025-05-14,18650,216173,2000,2,2,26,21,1000,0,4.15,52
2025-05-14,18650,551732,0,0,0,2,2,0,0,3.75,8
2025-05-14,18650,558873,2300,1,1,24,22,2300,0,4.22,9
2025-05-14,18650,563689,0,0,0,6,3,0,0,2.0,1
2025-05-14,18745,100487,5000,1,1,11,12,5000,0,5.0,2
2025-05-14,18745,101954,0,0,0,2,2,0,0,3.5,2
2025-05-14,18745,201632,0,0,0,82,77,0,0,4.66,29
2025-05-14,18745,207288,0,0,0,39,38,0,0,4.62,21
2025-05-14,18788,201632,0,0,0,3,3,0,0,5.0,1
2025-05-14,18788,205611,23300,2,2,27,27,23300,0,4.35,17
2025-05-14,18788,206440,0,0,0,109,103,0,0,5.0,2
2025-05-14,18788,206471,22000,1,1,441,420,22000,0,4.0,2
2025-05-14,18788,207288,0,0,0,5,5,0,0,,0
2025-05-14,18788,216158,0,0,0,2,3,0,0,,0
2025-05-14,18788,401534,12345,1,1,42,40,12345,0,4.48,85
2025-05-14,18788,408789,0,0,0,10,10,0,0,5.0,1
2025-05-14,18788,551228,0,0,0,5,5,0,0,4.5,4
2025-05-14,18788,560271,44100,7,7,579,523,12600,0,,0
2025-05-14,19143,201925,0,0,0,6,6,0,0,,0
2025-05-14,19143,506536,0,0,0,18,18,0,0,,0
2025-05-14,19248,205582,6560,1,1,3,2,6560,0,,0
2025-05-14,19248,215913,0,0,0,2,2,0,0,5.0,1
2025-05-14,19248,408789,0,0,0,8,8,0,0,4.5,2
2025-05-14,19248,551736,0,0,0,2,2,0,0,,0
2025-05-14,19315,201632,0,0,0,6,6,0,0,3.56,9
2025-05-14,19315,408789,0,0,0,74,73,0,0,4.21,196
2025-05-14,19688,567645,0,0,0,1,1,0,0,,0
2025-05-14,20272,407120,0,0,0,2,2,0,0,,0
2025-05-14,20272,560271,0,0,0,16,14,0,0,4.93,14
2025-05-14,20322,408789,0,0,0,1,1,0,0,,0
2025-05-14,20579,401131,0,0,0,1,1,0,0,,0
2025-05-14,20719,214781,9160,1,1,8,8,9160,0,4.33,21
2025-05-14,20719,507843,38170,3,3,114,94,38170,0,4.31,416
2025-05-14,20817,110365,0,0,0,5,5,0,0,1.0,1
2025-05-14,20817,304080,9960,2,2,49,48,4980,0,4.27,75
2025-05-14,20817,402279,0,0,0,2,2,0,0,,0
2025-05-14,20817,408789,9810,3,3,264,249,6620,1,4.37,240
2025-05-14,20817,502221,4980,1,1,164,152,4980,0,4.34,158
2025-05-14,20817,551180,52270,11,11,488,447,19545,0,4.52,177
2025-05-14,20942,205611,0,0,0,1,1,0,0,,0
2025-05-14,20942,207288,0,0,0,13,12,0,0,5.0,1
2025-05-14,20942,407120,0,0,0,1,1,0,0,,0
2025-05-14,20942,502280,0,0,0,1,1,0,0,,0
2025-05-14,20942,551180,20500,4,4,276,262,20500,0,4.71,58
2025-05-14,20942,551736,0,0,0,1,1,0,0,,0
2025-05-14,20942,558846,0,0,0,13,13,0,0,,0
2025-05-14,20942,558873,0,0,0,84,82,0,0,5.0,1
2025-05-14,20942,567538,4200,1,1,16,14,4200,0,4.75,16
2025-05-14,20947,205582,0,0,0,3,2,0,0,,0
2025-05-14,20947,205611,0,0,0,1,1,0,0,,0
2025-05-14,20947,551228,0,0,0,8,8,0,0,,0
2025-05-14,20947,563689,0,0,0,1,1,0,0,,0
2025-05-14,21016,100487,25598,4,4,299,281,15598,0,4.49,1481
2025-05-14,21060,506012,41000,2,2,625,588,41000,1,4.22,171
2025-05-14,21060,554973,105400,7,7,704,658,31700,0,3.98,132
2025-05-14,21496,110409,0,0,0,2,2,0,0,,0
2025-05-14,21496,201351,0,0,0,9,9,0,0,4.67,3
2025-05-14,21496,205761,12500,1,1,19,17,12500,0,4.85,72
2025-05-14,21496,214781,0,0,0,4,3,0,0,,0
2025-05-14,21496,216424,0,0,0,8,8,0,0,,0
2025-05-14,21496,506536,0,0,0,1,1,0,0,,0
2025-05-14,21496,566061,0,0,0,2,1,0,0,,0
2025-05-14,21500,205582,0,0,0,4,4,0,0,,0
2025-05-14,21500,206440,0,0,0,4,4,0,0,,0
2025-05-14,21500,401534,0,0,0,7,6,0,0,,0
2025-05-14,21500,551180,1430,1,1,9,9,1430,0,5.0,1
2025-05-14,21500,551732,0,0,0,1,1,0,0,5.0,1
2025-05-14,21500,551736,0,0,0,15,15,0,0,4.5,2
2025-05-14,21500,558846,0,0,0,5,5,0,0,,0
2025-05-14,21640,401131,1630,1,1,83,82,1630,0,4.61,23
2025-05-14,21641,206440,181060,41,41,1605,1503,39446,2,4.16,6051
2025-05-14,21641,206471,136410,32,32,1949,1856,40299,3,4.2,4458
2025-05-14,21825,201351,162000,24,24,113,110,33400,0,4.79,571
2025-05-14,21825,205761,4800,1,1,3,3,4800,0,4.71,14
2025-05-14,21825,214099,0,0,0,4,4,0,0,,0
2025-05-14,21825,216424,4500,1,1,10,9,4500,0,5.0,17
2025-05-14,21825,402279,0,0,0,1,1,0,0,,0
2025-05-14,21825,408789,0,0,0,9,9,0,0,,0
2025-05-14,21825,506536,0,0,0,5,5,0,0,4.96,68
2025-05-14,21825,506539,5660,2,2,19,19,5660,0,4.2,5
2025-05-14,21825,567645,0,0,0,1,1,0,0,4.85,20
2025-05-14,21833,205582,0,0,0,47,41,0,0,4.4,25
2025-05-14,21833,205611,0,0,0,44,40,0,0,4.82,50
2025-05-14,21833,551228,0,0,0,2,2,0,0,4.67,3
2025-05-14,21833,551732,9680,1,1,66,59,9680,1,4.92,36
2025-05-14,21833,551736,0,0,0,41,39,0,0,4.97,88
2025-05-14,21833,563689,24750,2,2,94,82,24750,0,4.86,45
2025-05-14,22738,201632,0,0,0,5,5,0,0,,0
2025-05-14,22953,214781,0,0,0,1,1,0,0,,0
2025-05-14,23063,201632,9240,2,2,187,172,9240,0,4.73,213
2025-05-14,23063,201925,0,0,0,2,2,0,0,4.4,10
2025-05-14,23063,202502,0,0,0,8,8,0,0,4.23,17
2025-05-14,23063,207288,0,0,0,39,38,0,0,4.62,72
2025-05-14,23063,402279,0,0,0,2,2,0,0,5.0,1
2025-05-14,23063,407120,0,0,0,1,1,0,0,,0
2025-05-14,23063,551228,0,0,0,28,27,0,0,5.0,1
2025-05-14,23069,555003,34640,13,13,155,149,34640,0,4.4,261
2025-05-14,23124,207288,0,0,0,29,27,0,0,,0
2025-05-14,23124,551180,0,0,0,120,116,0,0,,0
2025-05-14,23187,205582,0,0,0,7,7,0,0,,0
2025-05-14,23187,216173,0,0,0,2,2,0,0,,0
2025-05-14,23380,205582,0,0,0,2,2,0,0,4.45,22
2025-05-14,23380,408789,0,0,0,1,1,0,0,,0
2025-05-14,23695,205582,0,0,0,3,3,0,0,4.0,1
2025-05-14,23695,216424,14980,7,7,56,53,2140,0,4.42,103
2025-05-14,23871,205582,0,0,0,5,5,0,0,3.5,6
2025-05-14,23871,563689,2999,1,1,23,23,2999,0,2.89,18
2025-05-14,24080,502835,190040,15,15,584,549,139911,0,4.19,2319
2025-05-14,24097,201351,0,0,0,18,18,0,0,4.6,30
2025-05-14,24118,214099,24200,2,2,5,5,12100,0,4.18,17
2025-05-14,24118,506536,0,0,0,4,4,0,0,5.0,1
2025-05-14,24118,506539,0,0,0,1,1,0,0,,0
2025-05-14,24118,563339,0,0,0,1,1,0,0,,0
2025-05-14,24493,200181,0,0,0,1,1,0,0,,0
2025-05-14,24493,210413,0,0,0,3,3,0,0,3.53,15
2025-05-14,24514,100487,0,0,0,2,2,0,0,4.0,1
2025-05-14,24514,207288,0,0,0,54,53,0,0,4.41,17
2025-05-14,24752,206440,0,0,0,55,54,0,0,3.17,12
2025-05-14,24752,206471,0,0,0,8,8,0,0,,0
2025-05-14,24752,408789,0,0,0,33,33,0,0,2.5,2
2025-05-14,24867,205582,0,0,0,20,19,0,0,4.75,4
2025-05-14,24867,205611,0,0,0,14,13,0,0,4.86,7
2025-05-14,24867,551732,0,0,0,6,6,0,0,,0
2025-05-14,24867,551736,0,0,0,7,7,0,0,5.0,1
2025-05-14,24867,563689,0,0,0,11,11,0,0,5.0,3
2025-05-14,25329,201351,0,0,0,2,2,0,0,4.33,3
2025-05-14,25329,205761,0,0,0,17,16,0,0,4.52,74
2025-05-14,25329,214099,5880,2,2,10,10,5880,0,4.57,7
2025-05-14,25329,214781,6000,1,1,5,5,6000,0,,0
2025-05-14,25329,216424,0,0,0,4,4,0,0,4.6,5
2025-05-14,25329,510003,0,0,0,1,1,0,0,5.0,1
2025-05-14,25329,551732,0,0,0,1,1,0,0,,0
2025-05-14,25329,551736,0,0,0,1,1,0,0,4.0,1
2025-05-14,25329,567251,0,0,0,1,1,0,0,,0
2025-05-14,25561,402279,0,0,0,1,1,0,0,,0
2025-05-14,25561,408789,0,0,0,2,2,0,0,,0
2025-05-14,25561,551180,0,0,0,9,9,0,0,,0
2025-05-14,25561,563339,6900,1,1,2,2,6900,0,5.0,7
2025-05-14,25561,563342,0,0,0,2,2,0,0,5.0,3
2025-05-14,25914,214781,0,0,0,5,3,0,0,4.85,13
2025-05-14,25914,216173,0,0,0,3,3,0,0,4.5,2
2025-05-14,26198,201925,18694,7,7,269,257,2671,1,4.57,759
2025-05-14,26198,212377,0,0,0,2,2,0,0,,0
2025-05-14,26451,205582,0,0,0,5,5,0,0,,0
2025-05-14,26451,205611,0,0,0,1,1,0,0,,0
2025-05-14,26451,205761,0,0,0,2,2,0,0,4.0,1
2025-05-14,26451,216424,0,0,0,1,1,0,0,,0
2025-05-14,26451,507843,0,0,0,3,3,0,0,,0
2025-05-14,26451,509417,0,0,0,14,13,0,0,5.0,1
2025-05-14,26451,510003,0,0,0,1,1,0,0,5.0,1
2025-05-14,26546,201632,0,0,0,1,1,0,0,,0
2025-05-14,26546,407120,0,0,0,1,1,0,0,,0
2025-05-14,26549,101954,0,0,0,2,2,0,0,,0
2025-05-14,26549,205582,0,0,0,5,5,0,0,5.0,1
2025-05-14,26549,207288,0,0,0,76,71,0,0,4.46,1726
2025-05-14,26549,216173,34560,23,23,406,381,9511,0,4.34,4270
2025-05-14,26549,408789,0,0,0,24,23,0,0,3.79,19
2025-05-14,26549,502280,0,0,0,32,32,0,0,4.32,77
2025-05-14,27037,402279,0,0,0,29,25,0,0,4.67,58
2025-05-14,27037,408789,8200,1,1,26,25,8200,0,4.59,29
2025-05-14,27037,502280,0,0,0,18,16,0,0,4.38,8
2025-05-14,27298,567645,39046,31,31,236,214,9451,4,4.68,3568
2025-05-14,27384,206440,55230,5,5,1356,1300,43530,0,4.35,484
2025-05-14,27384,206471,0,0,0,1160,1102,0,0,4.16,737
2025-05-14,27434,100487,0,0,0,2,2,0,0,,0
2025-05-14,27548,101384,10000,1,1,73,73,10000,0,4.24,21
2025-05-14,27548,101535,0,0,0,2,2,0,0,,0
2025-05-14,27548,101954,0,0,0,8,8,0,0,,0
2025-05-14,27548,201184,0,0,0,5,5,0,0,5.0,1
2025-05-14,27548,204964,0,0,0,2,2,0,0,,0
2025-05-14,27548,214099,0,0,0,3,3,0,0,4.71,7
2025-05-14,27548,214104,0,0,0,2,2,0,0,,0
2025-05-14,27548,401131,0,0,0,13,13,0,0,,0
2025-05-14,27548,501098,0,0,0,2,2,0,0,4.86,7
2025-05-14,27548,506012,0,0,0,29,29,0,0,4.22,9
2025-05-14,27548,506539,0,0,0,5,5,0,0,5.0,4
2025-05-14,27548,551180,0,0,0,2,2,0,0,,0
2025-05-14,27548,554973,50000,1,1,45,43,50000,0,4.5,6
2025-05-14,27548,563689,0,0,0,1,1,0,0,,0
2025-05-14,27548,564647,0,0,0,11,10,0,0,3.4,5
2025-05-14,27548,566647,0,0,0,2,2,0,0,3.67,3
2025-05-14,27711,110365,0,0,0,11,11,0,0,,0
2025-05-14,27711,502835,0,0,0,2,2,0,0,,0
2025-05-14,27711,560271,48450,38,38,706,663,33083,0,4.4,1294
2025-05-14,27853,206440,0,0,0,1,1,0,0,5.0,1
2025-05-14,27853,551228,0,0,0,68,65,0,0,3.17,12
2025-05-14,27903,200181,0,0,0,8,8,0,0,,0
2025-05-14,27903,201925,3250,1,1,21,20,3250,0,,0
2025-05-14,27903,206440,0,0,0,1,1,0,0,,0
2025-05-14,27903,402279,0,0,0,29,28,0,0,4.0,4
2025-05-14,27903,551180,0,0,0,4,4,0,0,,0
2025-05-14,27903,558873,0,0,0,4,4,0,0,,0
2025-05-14,27925,200181,0,0,0,2,2,0,0,5.0,1
2025-05-14,27925,551180,26100,5,5,198,187,26100,0,4.89,9
2025-05-14,27925,551732,0,0,0,1,1,0,0,,0
2025-05-14,27925,558846,0,0,0,3,3,0,0,5.0,1
2025-05-14,27925,558873,0,0,0,1,1,0,0,,0
2025-05-14,27967,206440,0,0,0,90,88,0,0,4.2,59
2025-05-14,27967,206471,20860,7,7,1381,1323,20860,0,3.8,757
2025-05-14,27969,201925,0,0,0,6,6,0,0,5.0,2
2025-05-14,27969,408789,1600,1,1,3,2,1600,0,5.0,1
2025-05-14,28239,101535,143000,4,4,122,116,35750,0,4.71,529
2025-05-14,28239,110409,525000,27,27,475,438,19444,0,4.83,4568
2025-05-14,28239,205611,0,0,0,1,1,0,0,,0
2025-05-14,28239,207774,2497500,179,179,2567,2410,191671,3,4.62,8295
2025-05-14,28239,207802,40000,1,1,87,84,40000,0,3.6,5
2025-05-14,28239,214104,10000,1,1,3,3,10000,0,4.0,1
2025-05-14,28239,506536,0,0,0,3,3,0,0,4.43,7
2025-05-14,28239,558873,0,0,0,2,2,0,0,,0
2025-05-14,28484,204586,0,0,0,9,7,0,0,,0
2025-05-14,28488,206363,0,0,0,11,9,0,0,,0
2025-05-14,28488,206440,3635,1,1,76,69,3635,0,4.0,1
2025-05-14,28488,207966,0,0,0,5,5,0,0,,0
2025-05-14,28488,216158,5454,1,1,84,78,5454,0,4.71,24
2025-05-14,28488,551180,34900,8,8,304,282,34900,0,5.0,3
2025-05-14,28488,558846,7270,2,2,314,308,7270,0,4.33,3
2025-05-14,28488,558873,0,0,0,97,95,0,0,5.0,2
2025-05-14,28675,201632,0,0,0,32,32,0,0,4.78,9
2025-05-14,28675,205582,0,0,0,2,2,0,0,,0
2025-05-14,28675,205611,0,0,0,2,2,0,0,,0
2025-05-14,28675,551736,0,0,0,8,7,0,0,,0
2025-05-14,28793,207288,15500,4,4,181,162,12100,1,4.82,492
2025-05-14,28888,216158,0,0,0,17,15,0,0,4.17,6
2025-05-14,28944,205761,4000,3,3,55,49,1333,0,4.53,194
2025-05-14,28944,401131,0,0,0,17,17,0,0,4.87,23
2025-05-14,28944,507515,14080,1,1,63,58,14080,0,4.53,17
2025-05-14,29222,100487,0,0,0,17,17,0,0,4.33,3
2025-05-14,29222,110365,1000,1,1,1,1,1000,0,4.67,3
2025-05-14,29222,200181,0,0,0,1,1,0,0,,0
2025-05-14,29222,207288,0,0,0,1,1,0,0,3.38,8
2025-05-14,29222,216173,0,0,0,1,1,0,0,4.59,39
2025-05-14,29222,301577,18690,4,4,583,543,13410,0,4.5,5003
2025-05-14,29222,401534,1580,1,1,30,29,1580,0,4.17,36
2025-05-14,29222,502280,15000,1,1,3,3,15000,0,3.83,12
2025-05-14,29222,560271,0,0,0,2,2,0,0,5.0,1
2025-05-14,29851,206440,0,0,0,44,42,0,0,4.49,73
2025-05-14,29851,206471,0,0,0,60,57,0,0,4.11,54
2025-05-14,29851,401534,5900,1,1,25,23,5900,0,4.68,76
2025-05-14,29851,408789,0,0,0,1,1,0,0,4.5,2
2025-05-14,29878,205582,0,0,0,4,4,0,0,5.0,1
2025-05-14,29878,205611,0,0,0,5,5,0,0,5.0,12
2025-05-14,29878,216173,1900,2,2,55,51,1900,0,4.5,6
2025-05-14,29878,401534,3000,1,1,17,17,3000,0,4.17,6
2025-05-14,29878,551732,0,0,0,109,102,0,0,4.9,30
2025-05-14,29878,551736,14200,10,10,206,197,5815,0,4.66,151
2025-05-14,29932,205761,2970,1,1,263,255,2970,0,4.42,24
2025-05-14,29932,216424,0,0,0,4,4,0,0,4.67,15
2025-05-14,30020,201184,0,0,0,2,2,0,0,4.0,1
2025-05-14,30020,566647,0,0,0,13,12,0,0,4.47,17
2025-05-14,30198,216158,0,0,0,1,1,0,0,,0
2025-05-14,30198,401534,5960,2,2,40,33,2980,0,4.46,41
2025-05-14,30298,216173,0,0,0,4,4,0,0,3.53,17
2025-05-14,30547,205761,2100,1,1,13,13,2100,0,4.5,4
2025-05-14,30547,214781,3540,1,1,17,16,3540,0,4.0,8
2025-05-14,30547,216173,2648,2,2,37,36,2648,0,4.29,92
2025-05-14,30547,402279,2796,2,2,24,21,1398,0,4.17,36
2025-05-14,30547,567623,14870,5,5,40,40,7753,0,4.69,39
2025-05-14,30581,200181,0,0,0,1,1,0,0,4.79,24
2025-05-14,30581,201632,0,0,0,6,6,0,0,4.47,19
2025-05-14,30581,205582,9979,2,2,23,23,9979,0,4.22,36
2025-05-14,30581,216173,0,0,0,1,1,0,0,4.33,6
2025-05-14,30581,551228,5460,2,2,193,188,5460,0,4.34,469
2025-05-14,30581,563689,0,0,0,2,2,0,0,,0
2025-05-14,30910,215430,0,0,0,1,1,0,0,,0
2025-05-14,31323,100487,0,0,0,2,2,0,0,,0
2025-05-14,31464,566647,10400,1,1,178,161,10400,0,4.5,407
2025-05-14,31549,502280,23890,3,3,334,303,14935,0,4.46,5559
2025-05-14,31671,205582,0,0,0,3,3,0,0,,0
2025-05-14,31671,205611,0,0,0,39,39,0,0,4.67,54
2025-05-14,31671,215430,0,0,0,371,345,0,0,4.26,207
2025-05-14,31671,551228,214354,36,36,1823,1686,39114,0,4.32,171
2025-05-14,31671,551732,0,0,0,3,2,0,0,,0
2025-05-14,31671,551736,0,0,0,1,1,0,0,5.0,2
2025-05-14,31671,563689,2719,1,1,22,22,2719,0,5.0,3
2025-05-14,31828,214781,0,0,0,1,1,0,0,,0
2025-05-14,31828,506536,0,0,0,1,1,0,0,,0
2025-05-14,31828,560271,0,0,0,1,1,0,0,,0
2025-05-14,31867,201632,1539,1,1,19,19,1539,0,4.3,81
2025-05-14,31867,401131,0,0,0,114,107,0,0,4.56,276
2025-05-14,31880,207288,0,0,0,2,2,0,0,3.67,3
2025-05-14,31880,402279,0,0,0,48,39,0,0,4.66,54
2025-05-14,31880,563342,0,0,0,12,11,0,0,4.63,105
2025-05-14,31880,567665,65760,2,2,53,47,65760,0,4.79,19
2025-05-14,31920,101384,0,0,0,3,3,0,0,,0
2025-05-14,31920,201184,0,0,0,12,12,0,0,4.0,5
2025-05-14,31920,201351,33000,2,2,12,11,33000,0,5.0,10
2025-05-14,31920,204586,0,0,0,5,5,0,0,,0
2025-05-14,31920,204934,0,0,0,5,5,0,0,,0
2025-05-14,31920,214104,0,0,0,4,4,0,0,,0
2025-05-14,31920,408789,0,0,0,1,1,0,0,,0
2025-05-14,31920,551180,0,0,0,1,1,0,0,,0
2025-05-14,31920,558873,0,0,0,6,6,0,0,5.0,1
2025-05-14,31920,564647,10000,1,1,23,22,10000,0,5.0,1
2025-05-14,31920,567538,15000,1,1,1,1,15000,0,5.0,2
2025-05-14,32254,201925,39215,9,9,338,323,28391,0,4.65,178
2025-05-14,32254,207288,0,0,0,1,1,0,0,,0
2025-05-14,32254,402018,0,0,0,1,1,0,0,,0
2025-05-14,32255,101384,0,0,0,8,7,0,0,4.67,3
2025-05-14,32255,207774,0,0,0,11,11,0,0,,0
2025-05-14,32255,207802,0,0,0,1,1,0,0,,0
2025-05-14,32255,566647,25000,1,1,3,3,25000,0,,0
2025-05-14,32306,205761,0,0,0,15,13,0,0,5.0,1
2025-05-14,32306,407120,0,0,0,3,3,0,0,,0
2025-05-14,32306,567538,0,0,0,2,2,0,0,,0
2025-05-14,32359,502835,0,0,0,7,6,0,0,4.2,1186
2025-05-14,32359,509434,0,0,0,1,1,0,0,4.35,26
2025-05-14,32359,560271,1390,1,1,4,4,1390,0,4.36,106
2025-05-14,32497,216424,0,0,0,1,1,0,0,4.53,15
2025-05-14,32497,401534,0,0,0,1,1,0,0,4.6,10
2025-05-14,32497,407120,2650,1,1,28,26,2650,0,4.8,5
2025-05-14,32497,566061,0,0,0,12,11,0,0,5.0,1
2025-05-14,32594,201184,150000,6,0,0,0,0,0,,0
2025-05-14,32594,205761,20000,3,0,0,0,0,0,,0
2025-05-14,32603,508599,0,0,0,1141,1067,0,0,4.82,295
2025-05-14,32809,502835,0,0,0,7,7,0,0,3.7,50
2025-05-14,32809,509434,175362,44,44,1200,1080,45989,0,4.22,6938
2025-05-14,32998,205582,0,0,0,13,12,0,0,4.49,87
2025-05-14,32998,215913,0,0,0,1,1,0,0,,0
2025-05-14,33379,100487,0,0,0,29,28,0,0,4.22,189
2025-05-14,33379,508599,0,0,0,3,3,0,0,5.0,1
2025-05-14,33433,215430,0,0,0,72,68,0,0,4.09,21
2025-05-14,33433,551228,0,0,0,7,5,0,0,,0
2025-05-14,33579,206440,654100,99,99,4985,4677,112729,2,4.12,3179
2025-05-14,33579,206471,162600,32,32,2098,1996,118208,0,4.0,1310
2025-05-14,33579,216158,0,0,0,25,23,0,1,3.36,11
2025-05-14,33579,560271,0,0,0,2,2,0,0,,0
2025-05-14,33610,101535,0,0,0,5,5,0,0,4.93,41
2025-05-14,33610,110365,0,0,0,2,2,0,0,,0
2025-05-14,33610,301577,0,0,0,2,2,0,0,1.0,1
2025-05-14,33610,567645,13832,8,8,137,130,1729,1,4.65,182
2025-05-14,33626,560271,173880,145,145,2750,2527,105533,21,4.5,44956
2025-05-14,33794,564286,678079,5,5,768,712,678079,0,4.89,56
2025-05-14,34030,506539,0,0,0,1,1,0,0,5.0,1
2025-05-14,35173,201925,0,0,0,110,104,0,0,4.54,54
2025-05-14,35468,200181,0,0,0,1,1,0,0,,0
2025-05-14,35468,205272,0,0,0,1,1,0,0,,0
2025-05-14,35470,101535,0,0,0,7,7,0,0,,0
2025-05-14,35470,110409,0,0,0,1,1,0,0,,0
2025-05-14,35470,201184,0,0,0,18,18,0,0,,0
2025-05-14,35470,201351,0,0,0,2,2,0,0,5.0,1
2025-05-14,35470,207802,0,0,0,1,1,0,0,,0
2025-05-14,35470,214099,0,0,0,9,9,0,0,5.0,9
2025-05-14,35470,215913,0,0,0,1,1,0,0,,0
2025-05-14,35470,506539,0,0,0,2,2,0,0,,0
2025-05-14,35495,216158,12800,1,1,48,46,12800,0,4.62,85
2025-05-14,35573,201925,0,0,0,3,3,0,0,5.0,2
2025-05-14,35573,508456,0,0,0,1,1,0,0,,0
2025-05-14,35639,110365,790,1,1,8,8,790,0,5.0,5
2025-05-14,35639,205582,0,0,0,5,5,0,0,5.0,4
2025-05-14,35639,216173,57960,37,37,465,430,5678,3,4.36,1468
2025-05-14,35639,502280,2590,1,1,7,4,2590,0,3.0,2
2025-05-14,35639,551228,0,0,0,1,1,0,0,4.71,7
2025-05-14,35809,502835,60760,12,12,524,501,30680,1,4.31,12086
2025-05-14,35809,564895,11940,2,2,103,99,11940,0,4.26,282
2025-05-14,35845,201632,5980,1,1,40,37,5980,0,4.24,37
2025-05-14,35845,401131,23770,7,7,642,586,13890,1,4.71,2670
2025-05-14,35869,214781,1980,1,1,14,14,1980,0,4.69,68
2025-05-14,35873,101535,0,0,0,15,15,0,0,4.6,10
2025-05-14,35873,201184,0,0,0,1,1,0,0,5.0,1
2025-05-14,36152,206440,0,0,0,16,16,0,0,3.6,5
2025-05-14,36152,206471,0,0,0,4,4,0,0,,0
2025-05-14,36152,560271,0,0,0,2,2,0,0,,0
2025-05-14,36267,565724,0,0,0,2,2,0,0,,0
2025-05-14,36283,304763,1760,1,1,2,2,1760,0,5.0,2
2025-05-14,36283,502835,9700,1,1,3,3,9700,0,5.0,1
2025-05-14,36477,101535,6990,1,1,25,25,6990,0,4.82,17
2025-05-14,36477,110409,0,0,0,7,7,0,0,5.0,4
2025-05-14,36477,207774,0,0,0,170,159,0,1,4.82,68
2025-05-14,36477,207802,0,0,0,1,1,0,0,4.5,2
2025-05-14,36477,566647,73980,7,7,176,163,73980,0,4.64,256
2025-05-14,36495,206440,0,0,0,4,4,0,0,,0
2025-05-14,36495,206471,0,0,0,39,35,0,0,1.75,4
2025-05-14,36495,216158,0,0,0,26,23,0,0,3.67,3
2025-05-14,36495,401534,0,0,0,3,3,0,0,,0
2025-05-14,36570,101535,0,0,0,1,1,0,0,5.0,3
2025-05-14,36773,510003,19980,6,6,107,104,3330,0,4.32,431
2025-05-14,36773,567645,152598,54,54,714,675,64379,1,4.73,4186
2025-05-14,36963,216158,0,0,0,26,26,0,0,4.07,81
2025-05-14,36963,401534,16316,2,2,18,16,16316,0,4.82,17
2025-05-14,37191,207288,4280,1,1,72,65,4280,0,4.94,373
2025-05-14,37331,101384,100000,1,1,65,61,100000,0,3.67,12
2025-05-14,37331,101535,0,0,0,1,1,0,0,,0
2025-05-14,37331,101954,0,0,0,24,24,0,0,,0
2025-05-14,37331,201351,16000,1,1,4,4,16000,0,,0
2025-05-14,37331,207802,0,0,0,1,1,0,0,,0
2025-05-14,37331,214104,0,0,0,1,1,0,0,,0
2025-05-14,37331,408789,0,0,0,3,3,0,0,,0
2025-05-14,37497,101384,100000,1,0,0,0,0,0,,0
2025-05-14,37497,201184,445000,7,0,0,0,0,0,,0
2025-05-14,37621,201632,0,0,0,8,8,0,0,4.5,2
2025-05-14,37621,206363,0,0,0,14,13,0,0,4.89,18
2025-05-14,37621,207288,0,0,0,24,24,0,0,4.92,13
2025-05-14,37621,214099,0,0,0,21,21,0,0,4.79,38
2025-05-14,37621,304080,0,0,0,179,176,0,0,4.54,67
2025-05-14,37621,408789,0,0,0,39,36,0,0,4.64,33
2025-05-14,37621,502221,0,0,0,9,7,0,0,4.5,6
2025-05-14,37621,506536,0,0,0,1,1,0,0,,0
2025-05-14,37621,551180,54580,20,20,938,900,43323,0,4.79,713
2025-05-14,37621,551732,968,1,1,5,5,968,0,,0
2025-05-14,37621,551736,1680,1,1,12,11,1680,0,4.65,31
2025-05-14,37724,216173,0,0,0,1,1,0,0,4.0,4
2025-05-14,37724,502280,6480,1,1,89,81,6480,0,4.56,252
2025-05-14,37724,551180,580,1,1,14,13,580,0,3.5,4
2025-05-14,37724,551228,0,0,0,3,3,0,0,3.83,12
2025-05-14,37724,558846,0,0,0,1,1,0,0,4.6,5
2025-05-14,37724,560271,0,0,0,4,4,0,0,3.56,27
2025-05-14,37747,201632,40700,12,12,1107,1039,20240,0,4.78,215
2025-05-14,37747,205611,0,0,0,2,2,0,0,,0
2025-05-14,37747,207288,0,0,0,33,30,0,0,,0
2025-05-14,37747,509434,2586,1,1,16,15,2586,0,4.28,90
2025-05-14,37747,560271,0,0,0,33,32,0,0,4.23,22
2025-05-14,38003,100487,0,0,0,32,31,0,0,4.35,97
2025-05-14,38003,407120,0,0,0,1,1,0,0,,0
2025-05-14,38293,101384,10000,1,0,0,0,0,0,,0
2025-05-14,38293,214099,26000,3,0,0,0,0,0,,0
2025-05-14,38293,564647,86000,2,0,0,0,0,0,,0
2025-05-14,38336,567538,0,0,0,6,6,0,0,4.48,29
2025-05-14,38439,207288,0,0,0,1,1,0,0,,0
2025-05-14,38439,560271,0,0,0,12,12,0,0,4.5,8
2025-05-14,38479,216424,0,0,0,2,2,0,0,5.0,3
2025-05-14,38739,205582,0,0,0,1,1,0,0,4.4,10
2025-05-14,38739,205611,0,0,0,7,7,0,0,4.47,77
2025-05-14,38739,206363,0,0,0,1,1,0,0,,0
2025-05-14,38739,558846,3280,1,1,22,21,3280,0,3.81,43
2025-05-14,38739,558873,1980,1,1,1,1,1980,0,4.0,1
2025-05-14,38739,563689,0,0,0,2,2,0,0,5.0,3
2025-05-14,38827,207288,0,0,0,3,3,0,0,4.0,1
2025-05-14,38827,560271,0,0,0,1,1,0,0,4.0,1
2025-05-14,38864,101954,1100,2,2,4,4,1100,0,3.6,5
2025-05-14,38864,216424,6500,1,1,10,9,6500,0,4.88,8
2025-05-14,38864,507843,0,0,0,1,1,0,0,,0
2025-05-14,38864,509417,0,0,0,23,23,0,0,5.0,1
2025-05-14,38864,510003,0,0,0,7,7,0,0,,0
2025-05-14,38864,567538,147200,10,10,141,127,32900,2,4.75,459
2025-05-14,39373,110435,10800,1,1,64,60,10800,0,4.77,73
2025-05-14,39550,205582,0,0,0,3,3,0,0,4.0,1
2025-05-14,39550,563689,26609,4,4,126,112,20564,0,4.59,647
2025-05-14,39655,100487,0,0,0,39,31,0,0,4.36,107
2025-05-14,39655,508599,0,0,0,5,5,0,0,4.5,10
2025-05-14,39655,560271,0,0,0,1,1,0,0,,0
2025-05-14,39697,200181,0,0,0,3,3,0,0,,0
2025-05-14,39697,215430,0,0,0,4,4,0,0,,0
2025-05-14,39697,301577,0,0,0,125,119,0,1,4.37,240
2025-05-14,39697,502280,0,0,0,11,10,0,0,4.0,1
2025-05-14,39697,551228,0,0,0,11,11,0,0,5.0,1
2025-05-14,39697,563689,0,0,0,2,2,0,0,,0
2025-05-14,39701,100487,0,0,0,1,1,0,0,,0
2025-05-14,39701,207288,0,0,0,60,55,0,0,5.0,4
2025-05-14,39701,408789,0,0,0,26,24,0,0,4.6,15
2025-05-14,39701,502280,0,0,0,48,47,0,0,,0
2025-05-14,39701,551180,0,0,0,191,175,0,0,4.95,35
2025-05-14,39701,558846,0,0,0,24,24,0,0,5.0,1
2025-05-14,39701,558873,0,0,0,16,16,0,0,4.88,17
2025-05-14,39872,508456,0,0,0,5,5,0,0,3.86,313
2025-05-14,39872,509417,0,0,0,17,17,0,0,4.64,53
2025-05-14,39872,567538,0,0,0,6,4,0,0,4.29,31
2025-05-14,40428,558873,0,0,0,9,9,0,0,3.64,70
2025-05-14,40660,216158,0,0,0,16,16,0,0,4.61,18
2025-05-14,41406,551228,0,0,0,2,2,0,0,,0
2025-05-14,41480,201184,131000,10,10,382,363,27000,0,4.13,645
2025-05-14,41688,205582,26600,10,10,146,138,5320,1,4.65,148
2025-05-14,41695,216173,9000,6,6,45,43,1500,0,4.26,300
2025-05-14,41695,401534,2140,1,1,23,23,2140,0,4.62,21
2025-05-14,41695,555003,0,0,0,3,1,0,0,,0
2025-05-14,41797,215430,0,0,0,3,3,0,0,4.5,2
2025-05-14,42027,402279,0,0,0,12,9,0,0,4.56,9
2025-05-14,42134,100487,0,0,0,1,1,0,0,,0
2025-05-14,42134,101954,0,0,0,2,2,0,0,,0
2025-05-14,42134,201184,0,0,0,4,4,0,0,5.0,2
2025-05-14,42134,207774,0,0,0,4,3,0,0,,0
2025-05-14,42134,207802,0,0,0,4,4,0,0,,0
2025-05-14,42134,214099,0,0,0,2,2,0,0,,0
2025-05-14,42134,214104,110000,11,11,153,148,10000,0,4.68,213
2025-05-14,42199,560271,0,0,0,4,4,0,0,,0
2025-05-14,42413,205582,0,0,0,12,11,0,0,4.33,9
2025-05-14,42413,216173,0,0,0,7,7,0,0,4.47,132
2025-05-14,42413,401534,0,0,0,13,13,0,0,3.8,5
2025-05-14,42413,502221,0,0,0,2,2,0,0,,0
2025-05-14,42413,502280,0,0,0,13,12,0,0,3.9,29
2025-05-14,42595,206440,0,0,0,20,19,0,0,3.78,18
2025-05-14,42595,206471,0,0,0,70,67,0,0,3.69,71
2025-05-14,42797,100487,0,0,0,29,27,0,0,4.18,45
2025-05-14,42797,110365,0,0,0,2,2,0,0,,0
2025-05-14,42797,201632,0,0,0,23,23,0,0,4.36,11
2025-05-14,42797,204964,0,0,0,2,2,0,0,,0
2025-05-14,42797,205611,0,0,0,2,2,0,0,,0
2025-05-14,42797,206440,0,0,0,13,13,0,0,3.5,6
2025-05-14,42797,206471,0,0,0,4,4,0,0,3.5,2
2025-05-14,42797,216173,0,0,0,2,2,0,0,,0
2025-05-14,42797,502221,0,0,0,2,2,0,0,,0
2025-05-14,42797,551228,0,0,0,2,2,0,0,4.0,1
2025-05-14,42797,551732,1680,1,1,9,9,1680,0,3.0,3
2025-05-14,42797,558846,0,0,0,24,23,0,0,3.62,13
2025-05-14,42797,558873,0,0,0,2,2,0,0,2.0,1
2025-05-14,42797,563689,0,0,0,1,1,0,0,,0
2025-05-14,42954,205761,0,0,0,2,2,0,0,4.8,5
2025-05-14,42954,402279,0,0,0,55,55,0,0,4.77,241
2025-05-14,42954,408789,1280,1,1,44,41,1280,0,4.3,23
2025-05-14,42954,501098,0,0,0,44,42,0,0,4.81,81
2025-05-14,43291,567538,2200,1,1,18,18,2200,0,4.66,59
2025-05-14,43304,506539,26205,5,5,184,174,26205,2,4.71,163
2025-05-14,43472,101384,70000,3,3,21,20,60000,0,4.17,17
2025-05-14,43472,101535,0,0,0,3,3,0,0,5.0,1
2025-05-14,43472,101954,0,0,0,14,14,0,0,,0
2025-05-14,43472,201184,0,0,0,3,3,0,0,,0
2025-05-14,43472,206363,0,0,0,4,4,0,0,,0
2025-05-14,43472,207802,0,0,0,1,1,0,0,,0
2025-05-14,43472,216424,0,0,0,2,2,0,0,,0
2025-05-14,43472,408789,0,0,0,3,3,0,0,,0
2025-05-14,43472,563339,0,0,0,1,1,0,0,,0
2025-05-14,43472,563689,19000,1,1,43,41,19000,0,4.72,112
2025-05-14,43472,566647,0,0,0,1,1,0,0,,0
2025-05-14,43898,214099,0,0,0,10,10,0,0,4.0,2
2025-05-14,43898,214104,0,0,0,10,10,0,0,4.88,8
2025-05-14,43898,506536,0,0,0,1,1,0,0,,0
2025-05-14,43898,506539,0,0,0,2,2,0,0,4.0,4
2025-05-14,43898,566061,0,0,0,1,1,0,0,,0
2025-05-14,43898,567645,0,0,0,2,2,0,0,,0
2025-05-14,44078,304080,82700,15,15,318,294,22420,0,4.51,1400
2025-05-14,44138,110365,0,0,0,1,1,0,0,,0
2025-05-14,44171,216173,8250,4,4,135,122,8250,0,4.35,126
2025-05-14,44220,201184,5780,2,2,84,84,2890,0,4.67,3
2025-05-14,44220,206440,0,0,0,3,2,0,0,4.38,8
2025-05-14,44220,206471,27860,4,4,128,123,6965,0,4.58,24
2025-05-14,44265,201184,109000,2,2,168,162,109000,0,4.55,76
2025-05-14,44265,214104,0,0,0,2,2,0,0,5.0,4
2025-05-14,44265,566647,16000,1,1,6,6,16000,0,5.0,4
2025-05-14,44542,207288,0,0,0,4,4,0,0,4.67,3
2025-05-14,44542,408789,0,0,0,15,15,0,0,5.0,1
2025-05-14,45560,216424,0,0,0,1,1,0,0,4.33,3
2025-05-14,45868,200181,6398,2,2,25,23,3199,0,4.3,37
2025-05-14,45868,551732,0,0,0,2,2,0,0,5.0,2
2025-05-14,45880,402279,0,0,0,2,2,0,0,,0
2025-05-14,45880,509434,0,0,0,1,1,0,0,4.3,10
2025-05-14,45883,201184,38410,4,4,372,358,25710,1,4.66,1102
2025-05-14,46111,200181,0,0,0,5,5,0,0,4.56,27
2025-05-14,46268,110365,0,0,0,7,6,0,0,5.0,3
2025-05-14,46268,205761,0,0,0,4,4,0,0,,0
2025-05-14,46481,567623,12760,3,3,17,15,4253,0,4.68,40
2025-05-14,46496,101384,0,0,0,1,1,0,0,,0
2025-05-14,46496,205272,0,0,0,2,2,0,0,,0
2025-05-14,46496,206363,0,0,0,8,8,0,0,5.0,1
2025-05-14,46496,207802,0,0,0,1,1,0,0,,0
2025-05-14,46496,551180,0,0,0,2,2,0,0,,0
2025-05-14,46496,566647,0,0,0,1,1,0,0,,0
2025-05-14,46579,205761,0,0,0,5,4,0,0,,0
2025-05-14,46579,207288,2400,2,2,19,18,1200,0,5.0,2
2025-05-14,46579,401131,0,0,0,1,1,0,0,,0
2025-05-14,46579,401534,0,0,0,29,25,0,0,4.84,37
2025-05-14,46579,506539,0,0,0,52,49,0,0,4.63,16
2025-05-14,46696,408789,0,0,0,17,16,0,0,4.67,18
2025-05-14,46848,110365,21240,10,10,149,142,19402,0,4.58,73
2025-05-14,46848,509434,0,0,0,1,1,0,0,,0
2025-05-14,46848,560271,64502,23,23,1331,1239,48141,1,4.66,606
2025-05-14,46926,101384,270000,10,10,110,104,140000,0,4.2,15
2025-05-14,46926,101535,0,0,0,2,2,0,0,,0
2025-05-14,46926,101954,0,0,0,4,3,0,0,,0
2025-05-14,46926,110435,52000,2,2,168,156,52000,0,4.17,47
2025-05-14,46926,110632,18000,1,1,8,8,18000,0,,0
2025-05-14,46926,201184,34000,2,2,16,16,17000,0,,0
2025-05-14,46926,214104,0,0,0,2,2,0,0,4.56,9
2025-05-14,46926,408789,0,0,0,1,1,0,0,,0
2025-05-14,46926,506539,0,0,0,2,2,0,0,,0
2025-05-14,46926,511293,0,0,0,5,5,0,0,4.68,22
2025-05-14,46926,551180,0,0,0,3,3,0,0,,0
2025-05-14,46950,100992,0,0,0,1,1,0,0,4.0,3
2025-05-14,46950,216424,5960,2,2,17,17,2980,0,4.39,90
2025-05-14,46950,507843,0,0,0,2,2,0,0,4.19,167
2025-05-14,46950,567538,0,0,0,2,2,0,0,5.0,5
2025-05-14,46959,100487,0,0,0,7,7,0,0,,0
2025-05-14,46959,101535,2580,1,1,47,45,2580,0,4.04,28
2025-05-14,46959,110409,0,0,0,10,10,0,0,4.43,7
2025-05-14,46959,207774,0,0,0,14,13,0,0,3.0,1
2025-05-14,46959,558873,0,0,0,11,11,0,0,,0
2025-05-14,47008,101384,0,0,0,2,2,0,0,,0
2025-05-14,47008,101954,0,0,0,1,1,0,0,,0
2025-05-14,47008,110632,32000,2,2,18,18,32000,0,5.0,1
2025-05-14,47008,201184,0,0,0,6,6,0,0,,0
2025-05-14,47008,206440,0,0,0,2,2,0,0,5.0,1
2025-05-14,47008,216173,0,0,0,1,1,0,0,,0
2025-05-14,47008,501098,0,0,0,3,3,0,0,,0
2025-05-14,47008,558846,0,0,0,11,11,0,0,4.5,2
2025-05-14,47072,401131,0,0,0,1,1,0,0,,0
2025-05-14,47072,551180,0,0,0,8,8,0,0,,0
2025-05-14,47072,560271,0,0,0,1,1,0,0,,0
2025-05-14,47072,564895,0,0,0,1,1,0,0,5.0,1
2025-05-14,47290,206440,0,0,0,24,24,0,0,5.0,1
2025-05-14,47290,206471,2980,1,1,23,22,2980,0,5.0,3
2025-05-14,47428,401534,0,0,0,88,84,0,0,4.58,390
2025-05-14,47537,216424,0,0,0,2,2,0,0,4.68,34
2025-05-14,47670,100487,0,0,0,2,2,0,0,,0
2025-05-14,47670,565724,0,0,0,1,1,0,0,1.0,1
2025-05-14,47745,101384,0,0,0,9,9,0,0,,0
2025-05-14,47745,101954,0,0,0,1,1,0,0,,0
2025-05-14,47745,201184,7527000,91,91,4096,3972,3978725,0,4.65,461
2025-05-14,47745,201351,14000,1,1,2,2,14000,0,4.67,3
2025-05-14,47745,214104,0,0,0,3,3,0,0,,0
2025-05-14,47745,563339,0,0,0,5,5,0,0,4.75,8
2025-05-14,47745,564647,12000,1,1,17,17,12000,0,3.25,4
2025-05-14,47853,563339,0,0,0,5,5,0,0,5.0,4
2025-05-14,47853,567665,0,0,0,1,1,0,0,5.0,1
2025-05-14,47942,401534,0,0,0,2,2,0,0,,0
2025-05-14,47942,407120,0,0,0,15,14,0,0,4.0,2
2025-05-14,47942,408789,0,0,0,5,5,0,0,4.17,12
2025-05-14,47942,502221,0,0,0,22,22,0,0,3.92,41
2025-05-14,47942,502280,0,0,0,3,3,0,0,3.0,2
2025-05-14,47942,555421,3480,1,1,31,30,3480,0,,0
2025-05-14,48094,206440,0,0,0,11,11,0,0,5.0,2
2025-05-14,48094,216173,0,0,0,2,2,0,0,,0
2025-05-14,48094,401534,0,0,0,1,1,0,0,,0
2025-05-14,48094,502835,0,0,0,2,2,0,0,,0
2025-05-14,48094,560271,0,0,0,2,2,0,0,,0
2025-05-14,48094,564895,0,0,0,9,9,0,0,2.75,4
2025-05-14,48324,100487,0,0,0,1,1,0,0,,0
2025-05-14,48324,564895,29600,2,2,17,17,14800,0,5.0,2
2025-05-14,48385,201351,0,0,0,2,2,0,0,,0
2025-05-14,48385,205611,0,0,0,1,1,0,0,,0
2025-05-14,48385,215430,0,0,0,4,4,0,0,,0
2025-05-14,48385,551228,0,0,0,23,22,0,0,,0
2025-05-14,48461,207288,0,0,0,25,24,0,0,4.69,88
2025-05-14,48461,408789,0,0,0,36,34,0,0,4.46,90
2025-05-14,48461,560271,0,0,0,3,3,0,0,4.75,4
2025-05-14,48539,201632,0,0,0,6,6,0,0,,0
2025-05-14,48539,502280,0,0,0,3,3,0,0,,0
2025-05-14,48654,201184,12596,2,2,59,56,12596,0,4.32,44
2025-05-14,48654,201351,9446,3,3,6,6,6198,0,5.0,6
2025-05-14,48654,214099,0,0,0,4,3,0,0,4.0,1
2025-05-14,48654,214104,0,0,0,3,3,0,0,,0
2025-05-14,48654,564647,0,0,0,10,10,0,0,1.0,1
2025-05-14,48674,301577,0,0,0,1,1,0,0,,0
2025-05-14,48674,558846,17910,5,5,166,153,7460,0,4.39,132
2025-05-14,48674,558873,15990,1,1,176,168,15990,0,4.46,39
2025-05-14,48866,401534,0,0,0,2,2,0,0,,0
2025-05-14,48866,408789,2760,2,2,114,109,1380,0,4.56,531
2025-05-14,48887,567538,0,0,0,9,9,0,0,4.6,5
2025-05-14,49866,100487,0,0,0,1,1,0,0,,0
2025-05-14,49866,101384,100000,1,1,8,7,100000,0,5.0,2
2025-05-14,49866,101954,0,0,0,5,3,0,0,5.0,1
2025-05-14,49866,201184,0,0,0,36,36,0,0,4.5,2
2025-05-14,49866,214104,25000,2,2,59,55,12500,0,4.74,130
2025-05-14,49866,501098,441000,34,34,588,545,106000,0,4.68,1061
2025-05-14,49866,551180,0,0,0,1,1,0,0,,0
2025-05-14,49866,567538,12000,1,1,14,14,12000,0,4.88,58
2025-05-14,50019,101535,5000,1,1,11,10,5000,0,4.2,5
2025-05-14,50294,502835,0,0,0,39,36,0,0,4.2,274
2025-05-14,50294,509434,0,0,0,32,29,0,0,4.57,166
2025-05-14,50294,560271,0,0,0,6,6,0,0,4.37,27
2025-05-14,50344,215430,0,0,0,3,1,0,0,,0
2025-05-14,50618,101384,0,0,0,6,5,0,0,,0
2025-05-14,50618,101954,70000,2,2,25,22,70000,0,,0
2025-05-14,50618,214104,0,0,0,9,9,0,0,4.64,11
2025-05-14,50618,508456,0,0,0,1,1,0,0,2.0,1
2025-05-14,50618,551180,0,0,0,1,1,0,0,,0
2025-05-14,50618,551228,0,0,0,5,5,0,0,,0
2025-05-14,50618,566647,0,0,0,5,5,0,0,,0
2025-05-14,50618,567538,0,0,0,27,26,0,0,,0
2025-05-14,50839,205761,20700,9,9,306,284,12300,2,4.63,5734
2025-05-14,50839,551736,0,0,0,5,5,0,0,4.38,8
2025-05-14,50867,100181,0,0,0,44,43,0,0,3.79,14
2025-05-14,50867,101954,0,0,0,1,1,0,0,,0
2025-05-14,50867,201184,0,0,0,9,9,0,0,4.0,3
2025-05-14,50867,201925,56000,1,1,34,31,56000,0,3.67,6
2025-05-14,50867,204586,59000,1,1,64,61,59000,0,3.5,6
2025-05-14,50867,205582,0,0,0,2,2,0,0,,0
2025-05-14,50867,212377,0,0,0,20,20,0,0,4.71,7
2025-05-14,50867,214104,13000,1,1,10,8,13000,0,4.83,6
2025-05-14,50867,215913,0,0,0,3,3,0,0,,0
2025-05-14,50867,402279,0,0,0,15,15,0,0,5.0,2
2025-05-14,50867,509417,0,0,0,12,11,0,0,5.0,2
2025-05-14,50867,551736,0,0,0,8,7,0,0,,0
2025-05-14,50867,555421,0,0,0,1,1,0,0,3.0,1
2025-05-14,50867,564647,65000,5,5,65,64,13000,0,4.5,32
2025-05-14,50867,567554,32000,1,1,57,57,32000,0,4.4,10
2025-05-14,51172,207802,0,0,0,4,4,0,0,5.0,4
2025-05-14,51172,214104,0,0,0,1,1,0,0,4.75,4
2025-05-14,51217,558873,0,0,0,46,43,0,0,4.37,77
2025-05-14,51265,407120,0,0,0,20,19,0,0,4.38,68
2025-05-14,51547,215913,0,0,0,10,9,0,0,5.0,3
2025-05-14,51547,401534,0,0,0,1,1,0,0,,0
2025-05-14,51547,402279,0,0,0,8,8,0,0,4.0,1
2025-05-14,51547,551736,0,0,0,4,4,0,0,,0
2025-05-14,51840,206440,0,0,0,1,1,0,0,1.33,3
2025-05-14,51840,206471,0,0,0,60,59,0,0,3.8,10
2025-05-14,51840,551180,1980,1,1,9,9,1980,0,4.0,4
2025-05-14,51840,560271,0,0,0,6,3,0,0,,0
2025-05-14,51840,566403,0,0,0,3,2,0,0,,0
2025-05-14,52147,101535,0,0,0,30,27,0,0,4.1,765
2025-05-14,52147,207774,31640,9,9,188,181,16436,0,3.95,199
2025-05-14,52147,566647,0,0,0,1,1,0,0,5.0,10
2025-05-14,52214,205582,0,0,0,30,28,0,0,4.05,21
2025-05-14,52214,301577,0,0,0,1,1,0,0,,0
2025-05-14,52214,402279,0,0,0,34,32,0,0,5.0,1
2025-05-14,52214,502835,0,0,0,2,2,0,0,,0
2025-05-14,52214,558873,0,0,0,2,2,0,0,,0
2025-05-14,52361,101020,0,0,0,1,1,0,0,4.26,31
2025-05-14,52361,201486,0,0,0,1,1,0,0,4.0,2
2025-05-14,52361,216173,980,1,1,4,4,980,0,5.0,1
2025-05-14,52361,216424,13700,2,2,52,52,6850,0,4.14,14
2025-05-14,52361,507843,0,0,0,5,5,0,0,4.2,5
2025-05-14,52361,567538,6880,1,1,8,8,6880,0,5.0,2
2025-05-14,52361,567623,0,0,0,14,11,0,0,4.69,29
2025-05-14,52361,567645,0,0,0,1,1,0,0,4.5,6
2025-05-14,52481,507843,3360,1,1,1,1,3360,0,4.2,5
2025-05-14,52481,510003,0,0,0,20,19,0,0,4.64,50
2025-05-14,52481,565724,0,0,0,2,2,0,0,5.0,5
2025-05-14,52481,567538,13700,5,5,66,60,5360,0,4.7,108
2025-05-14,52578,200181,0,0,0,26,26,0,0,5.0,1
2025-05-14,52578,201632,0,0,0,240,232,0,0,4.75,199
2025-05-14,52578,205272,0,0,0,6,6,0,0,,0
2025-05-14,52578,560271,0,0,0,7,7,0,0,,0
2025-05-14,53066,101535,0,0,0,3,3,0,0,,0
2025-05-14,53066,214099,0,0,0,3,3,0,0,,0
2025-05-14,53106,101384,0,0,0,1,1,0,0,,0
2025-05-14,53106,110365,0,0,0,2,2,0,0,,0
2025-05-14,53106,214104,0,0,0,1,1,0,0,,0
2025-05-14,53106,506536,0,0,0,3,3,0,0,5.0,5
2025-05-14,53113,204964,0,0,0,1,1,0,0,,0
2025-05-14,53113,208532,0,0,0,2,2,0,0,4.0,1
2025-05-14,53113,502835,0,0,0,1,1,0,0,,0
2025-05-14,53273,401534,2980,1,1,6,6,2980,0,4.43,7
2025-05-14,53386,100992,2508,1,1,3,3,2508,0,,0
2025-05-14,53386,201184,0,0,0,1,1,0,0,,0
2025-05-14,53386,204586,0,0,0,2,2,0,0,,0
2025-05-14,53386,205761,0,0,0,5,5,0,0,,0
2025-05-14,53386,208532,9288,1,1,25,24,9288,0,2.5,2
2025-05-14,53386,210413,0,0,0,19,18,0,0,,0
2025-05-14,53386,212377,0,0,0,1,1,0,0,,0
2025-05-14,53386,216173,31370,20,20,233,221,4406,1,4.17,238
2025-05-14,53386,216424,1462,1,1,5,5,1462,0,3.82,11
2025-05-14,53386,304763,4280,3,3,19,17,3280,0,4.5,2
2025-05-14,53386,502835,0,0,0,6,6,0,0,5.0,1
2025-05-14,53386,508456,0,0,0,19,17,0,0,4.88,8
2025-05-14,53386,509434,0,0,0,1,1,0,0,,0
2025-05-14,53386,510003,0,0,0,14,12,0,0,3.96,55
2025-05-14,53386,551228,0,0,0,1,1,0,0,4.9,10
2025-05-14,53386,555421,0,0,0,2,2,0,0,4.5,2
2025-05-14,53386,566403,0,0,0,1,1,0,0,,0
2025-05-14,53386,567538,0,0,0,1,1,0,0,5.0,1
2025-05-14,53387,216424,7680,1,1,14,13,7680,0,5.0,2
2025-05-14,53387,407120,0,0,0,1,1,0,0,,0
2025-05-14,53648,216158,0,0,0,24,21,0,0,5.0,1
2025-05-14,53937,563339,34918,5,5,207,192,23929,0,4.66,313
2025-05-14,53937,563342,70660,10,10,75,67,41672,0,4.59,226
2025-05-14,53937,567662,0,0,0,12,12,0,0,4.69,13
2025-05-14,54587,206363,0,0,0,3,3,0,0,,0
2025-05-14,54587,551180,25630,4,4,231,221,25630,0,4.77,40
2025-05-14,54587,558846,43450,6,6,193,186,36883,0,4.41,218
2025-05-14,54587,558873,0,0,0,74,71,0,0,4.69,36
2025-05-14,54918,202502,14960,2,0,0,0,0,0,,0
2025-05-14,55120,100992,0,0,0,3,3,0,0,4.64,50
2025-05-14,55534,502835,0,0,0,3,3,0,0,4.13,8
2025-05-14,55579,200181,5980,1,1,3,3,5980,0,4.5,10
2025-05-14,55679,100487,0,0,0,6,5,0,0,4.5,6
2025-05-14,55691,101384,40000,4,4,101,97,10000,0,4.39,13
2025-05-14,55691,101954,0,0,0,1,1,0,0,,0
2025-05-14,55691,401534,0,0,0,4,4,0,0,,0
2025-05-14,55691,408789,0,0,0,5,5,0,0,,0
2025-05-14,55704,101384,260000,3,3,81,79,260000,0,4.41,29
2025-05-14,55704,101954,10000,1,1,2,2,10000,0,5.0,3
2025-05-14,55704,201184,80000,2,2,148,139,80000,0,4.8,5
2025-05-14,55704,214104,0,0,0,1,1,0,0,4.0,1
2025-05-14,55704,551736,0,0,0,3,3,0,0,5.0,2
2025-05-14,55704,566061,0,0,0,1,1,0,0,,0
2025-05-14,55758,101384,0,0,0,4,4,0,0,4.33,3
2025-05-14,55758,101954,0,0,0,6,6,0,0,,0
2025-05-14,55758,201184,15000,1,1,18,17,15000,0,,0
2025-05-14,55758,551180,0,0,0,1,1,0,0,,0
2025-05-14,55758,551732,0,0,0,3,3,0,0,,0
2025-05-14,55758,551736,32000,1,1,5,4,32000,0,5.0,1
2025-05-14,55758,566647,0,0,0,2,2,0,0,,0
2025-05-14,55758,567645,0,0,0,1,1,0,0,5.0,1
2025-05-14,55925,201632,1780,1,1,11,11,1780,0,4.25,4
2025-05-14,55925,208532,4180,1,1,6,6,4180,0,4.71,7
2025-05-14,55925,216158,0,0,0,2,2,0,0,4.0,3
2025-05-14,55925,216424,0,0,0,3,3,0,0,,0
2025-05-14,55925,407120,0,0,0,4,4,0,0,4.83,6
2025-05-14,55925,507843,16708,8,8,42,39,4177,1,4.39,93
2025-05-14,55925,508456,4980,1,1,5,4,4980,0,4.67,3
2025-05-14,55925,509417,9118,2,2,34,32,9118,0,4.57,14
2025-05-14,55925,567538,0,0,0,4,4,0,0,4.89,9
2025-05-14,56129,207288,3750,3,3,98,98,3750,0,5.0,8
2025-05-14,56129,216158,0,0,0,13,12,0,0,4.79,14
2025-05-14,56645,201632,0,0,0,4,4,0,0,,0
2025-05-14,56645,551180,0,0,0,2,2,0,0,,0
2025-05-14,57134,502280,0,0,0,3,3,0,0,1.0,1
2025-05-14,57134,560271,8370,3,3,58,56,8370,0,4.12,75
2025-05-14,57626,100487,0,0,0,2,2,0,0,,0
2025-05-14,57626,101954,0,0,0,35,33,0,0,,0
2025-05-14,57626,204586,110000,1,1,276,264,110000,0,4.69,203
2025-05-14,57626,212377,65000,1,1,78,72,65000,0,4.57,21
2025-05-14,57626,402279,30000,3,3,35,33,10000,0,,0
2025-05-14,57626,555421,0,0,0,2,2,0,0,4.0,1
2025-05-14,57784,101535,0,0,0,6,5,0,0,4.4,25
2025-05-14,57784,207774,39300,15,15,102,99,19225,0,4.68,602
2025-05-14,57942,101020,522750,74,74,1106,1055,7064,3,4.01,544
2025-05-14,57942,201486,216450,13,13,160,152,106930,0,4.09,57
2025-05-14,57942,205582,0,0,0,9,9,0,0,,0
2025-05-14,57942,205761,0,0,0,12,12,0,0,2.0,1
2025-05-14,57942,214781,0,0,0,1,1,0,0,5.0,1
2025-05-14,57942,507843,477890,43,43,3500,2774,153040,1,4.14,6082
2025-05-14,57942,510003,110475,13,13,2465,1976,22709,2,4.25,1206
2025-05-14,57942,558754,1051252,81,81,1362,1220,79764,0,4.11,9
2025-05-14,57942,567538,24850,5,5,185,161,4970,0,4.34,426
2025-05-14,57942,567623,0,0,0,2,2,0,0,3.5,12
2025-05-14,58070,101384,90000,3,3,18,17,90000,0,4.75,4
2025-05-14,58070,101954,0,0,0,17,16,0,0,3.33,3
2025-05-14,58070,201632,0,0,0,1,1,0,0,,0
2025-05-14,58070,205761,0,0,0,1,1,0,0,,0
2025-05-14,58070,208532,23000,1,1,11,11,23000,0,,0
2025-05-14,58070,210413,0,0,0,6,6,0,0,3.0,2
2025-05-14,58070,501098,154000,16,16,226,215,43000,0,4.72,230
2025-05-14,58070,502835,30000,1,1,124,123,30000,0,4.01,72
2025-05-14,58070,506539,0,0,0,1,1,0,0,,0
2025-05-14,58070,509434,0,0,0,56,56,0,0,3.29,7
2025-05-14,58070,563339,0,0,0,2,2,0,0,,0
2025-05-14,58070,567623,0,0,0,13,13,0,0,4.43,7
2025-05-14,58109,201925,55000,1,1,72,68,55000,0,5.0,2
2025-05-14,58109,204586,0,0,0,10,10,0,0,,0
2025-05-14,58109,212377,0,0,0,1,1,0,0,,0
2025-05-14,58109,402279,0,0,0,14,14,0,0,,0
2025-05-14,58311,201351,0,0,0,1,1,0,0,5.0,1
2025-05-14,58552,551180,0,0,0,19,19,0,0,4.43,7
2025-05-14,58552,558846,0,0,0,6,5,0,0,4.67,3
2025-05-14,58552,558873,0,0,0,10,10,0,0,,0
2025-05-14,58646,560271,0,0,0,1,1,0,0,,0
2025-05-14,58662,202502,0,0,0,63,62,0,1,4.88,73
2025-05-14,58662,402279,0,0,0,3,2,0,0,3.0,2
2025-05-14,58662,563342,0,0,0,6,6,0,0,,0
2025-05-14,58801,110409,8980,1,1,3,3,8980,0,4.88,24
2025-05-14,58801,207774,0,0,0,11,10,0,0,4.75,4
2025-05-14,58801,566647,0,0,0,12,11,0,0,4.61,74
2025-05-14,58880,100992,32000,1,1,34,33,32000,0,4.47,17
2025-05-14,58880,101384,0,0,0,15,14,0,0,4.0,5
2025-05-14,58880,101954,0,0,0,27,26,0,0,4.75,4
2025-05-14,58880,201486,0,0,0,8,8,0,0,5.0,1
2025-05-14,58880,205611,0,0,0,1,1,0,0,,0
2025-05-14,58880,206363,320000,7,7,65,64,45714,0,4.73,87
2025-05-14,58880,206440,0,0,0,1,1,0,0,,0
2025-05-14,58880,206471,0,0,0,8,8,0,0,,0
2025-05-14,58880,214099,0,0,0,8,8,0,0,1.0,1
2025-05-14,58880,214104,0,0,0,12,12,0,0,5.0,5
2025-05-14,58880,401131,0,0,0,1,1,0,0,,0
2025-05-14,58880,408789,0,0,0,9,8,0,0,,0
2025-05-14,58880,501098,0,0,0,10,9,0,0,,0
2025-05-14,58880,506536,0,0,0,2,2,0,0,,0
2025-05-14,58880,506539,0,0,0,2,2,0,0,5.0,1
2025-05-14,58880,551180,0,0,0,18,18,0,0,5.0,1
2025-05-14,59074,100487,0,0,0,2,2,0,0,5.0,2
2025-05-14,59074,206440,7800,2,2,94,91,7800,0,4.48,54
2025-05-14,59074,206471,0,0,0,58,55,0,0,4.0,10
2025-05-14,59074,216158,0,0,0,3,3,0,0,,0
2025-05-14,59219,201184,0,0,0,7,6,0,0,,0
2025-05-14,59219,207802,0,0,0,1,1,0,0,5.0,1
2025-05-14,59219,216424,142000,2,2,6,6,142000,0,5.0,1
2025-05-14,59219,563342,31000,1,1,2,2,31000,0,,0
2025-05-14,59277,216424,0,0,0,4,4,0,0,,0
2025-05-14,59277,567538,0,0,0,6,6,0,0,,0
2025-05-14,59905,205582,0,0,0,1,1,0,0,,0
2025-05-14,59905,205611,0,0,0,7,7,0,0,5.0,2
2025-05-14,59905,402279,0,0,0,1,1,0,0,,0
2025-05-14,59905,506539,0,0,0,1,1,0,0,,0
2025-05-14,59905,551732,0,0,0,4,4,0,0,5.0,1
2025-05-14,59905,551736,2000,2,2,101,93,1000,0,4.82,22
2025-05-14,59905,566647,0,0,0,1,1,0,0,,0
2025-05-14,59932,201632,0,0,0,17,16,0,0,,0
2025-05-14,59932,215913,0,0,0,3,3,0,0,,0
2025-05-14,59932,401534,0,0,0,1,1,0,0,,0
2025-05-14,59932,402279,0,0,0,115,108,0,0,5.0,4
2025-05-14,59932,508456,0,0,0,1,1,0,0,,0
2025-05-14,59932,551228,0,0,0,19,19,0,0,,0
2025-05-14,59991,216424,13060,2,2,12,12,13060,0,4.84,12
2025-05-14,60348,205582,0,0,0,1,1,0,0,,0
2025-05-14,60348,206440,0,0,0,1,1,0,0,4.33,6
2025-05-14,60348,206471,0,0,0,20,19,0,0,3.0,10
2025-05-14,60348,301577,0,0,0,3,3,0,0,4.0,1
2025-05-14,60348,551228,0,0,0,5,5,0,0,,0
2025-05-14,60348,551736,0,0,0,1,1,0,0,4.0,1
2025-05-14,60351,201486,13320,9,9,51,47,1480,0,4.68,50
2025-05-14,60395,216173,0,0,0,6,6,0,0,4.25,24
2025-05-14,60395,502835,0,0,0,1,1,0,0,4.63,8
2025-05-14,60427,566061,0,0,0,2,2,0,0,,0
2025-05-14,60427,567645,0,0,0,16,14,0,0,5.0,4
2025-05-14,60430,101384,387000,4,4,72,69,253500,0,4.9,10
2025-05-14,60430,101954,0,0,0,2,2,0,0,,0
2025-05-14,60430,201351,0,0,0,1,1,0,0,,0
2025-05-14,60430,214099,0,0,0,4,4,0,0,,0
2025-05-14,60430,506539,38000,1,1,1,1,38000,0,,0
2025-05-14,60621,401534,6240,7,7,96,89,891,0,4.49,49
2025-05-14,60621,502280,0,0,0,16,11,0,0,2.67,6
2025-05-14,60621,508456,0,0,0,3,3,0,0,2.42,12
2025-05-14,60800,402279,0,0,0,24,24,0,0,4.0,1
2025-05-14,60800,551732,0,0,0,1,1,0,0,,0
2025-05-14,60832,100487,0,0,0,7,7,0,0,3.0,1
2025-05-14,60832,110365,0,0,0,17,17,0,1,4.54,39
2025-05-14,60832,502221,0,0,0,10,7,0,0,4.59,46
2025-05-14,60832,502280,22600,3,3,302,278,14780,0,4.61,1107
2025-05-14,61080,216173,0,0,0,4,4,0,0,2.0,1
2025-05-14,61080,304080,0,0,0,5,5,0,0,5.0,2
2025-05-14,61347,207288,10000,2,2,11,10,5000,0,4.94,56
2025-05-14,61347,407120,0,0,0,6,6,0,0,5.0,5
2025-05-14,61347,558846,0,0,0,4,4,0,0,5.0,2
2025-05-14,61381,100487,0,0,0,4,4,0,0,3.0,2
2025-05-14,61381,110365,0,0,0,1,1,0,0,4.5,2
2025-05-14,61381,205611,0,0,0,1,1,0,0,,0
2025-05-14,61381,502221,0,0,0,20,16,0,0,4.6,151
2025-05-14,61381,502280,0,0,0,22,19,0,1,4.61,216
2025-05-14,61759,216424,0,0,0,2,2,0,0,,0
2025-05-14,61759,509417,9900,1,1,4,4,9900,0,4.5,12
2025-05-14,61759,510003,0,0,0,11,11,0,0,,0
2025-05-14,61759,567538,0,0,0,16,15,0,0,,0
2025-05-14,61803,216158,0,0,0,9,9,0,0,,0
2025-05-14,61982,507515,154860,7,7,268,219,22123,3,4.42,2621
2025-05-14,62113,101384,50000,1,1,210,208,50000,0,4.76,25
2025-05-14,62113,101954,0,0,0,5,5,0,0,,0
2025-05-14,62113,201184,0,0,0,2,2,0,0,5.0,3
2025-05-14,62113,201351,0,0,0,10,10,0,0,5.0,3
2025-05-14,62113,201632,0,0,0,1,1,0,0,,0
2025-05-14,62113,214104,0,0,0,3,3,0,0,,0
2025-05-14,62113,407120,0,0,0,1,1,0,0,,0
2025-05-14,62113,506536,13000,1,1,3,3,13000,0,4.0,1
2025-05-14,62196,207288,800,1,1,41,34,800,0,4.82,142
2025-05-14,62196,301577,14920,13,13,199,186,3960,1,4.38,883
2025-05-14,62196,560271,8280,6,6,52,48,1380,2,4.79,155
2025-05-14,62241,401534,26165,15,15,348,330,9637,2,4.17,224
2025-05-14,62241,560271,0,0,0,33,33,0,0,4.47,30
2025-05-14,62308,100992,886159,115,115,1027,938,23496,7,4.41,709
2025-05-14,62308,201486,378575,36,36,386,358,18418,3,4.46,154
2025-05-14,62380,206440,0,0,0,1,1,0,0,,0
2025-05-14,62431,110365,8640,5,5,277,261,8640,0,4.55,234
2025-05-14,62431,408789,0,0,0,30,29,0,0,4.57,7
2025-05-14,62726,206440,0,0,0,24,21,0,0,4.23,65
2025-05-14,62726,206471,3390,1,1,51,48,3390,0,4.41,132
2025-05-14,62979,216173,2000,1,1,10,10,2000,0,4.19,140
2025-05-14,62979,555421,1380,1,1,13,13,1380,0,4.16,117
2025-05-14,63506,408789,0,0,0,1,1,0,0,5.0,1
2025-05-14,63543,205582,0,0,0,5,5,0,0,3.33,3
2025-05-14,63543,205611,51429,4,4,263,248,51429,1,4.62,1187
2025-05-14,63543,563689,85378,7,7,348,318,32075,0,4.79,235
2025-05-14,63717,408789,7400,5,5,97,91,1480,0,4.71,62
2025-05-14,64060,567538,72180,18,18,315,296,33760,1,4.68,334
2025-05-14,64134,101384,200000,3,3,78,75,150000,0,4.84,19
2025-05-14,64134,101954,0,0,0,1,1,0,0,,0
2025-05-14,64354,216173,0,0,0,3,3,0,0,3.5,2
2025-05-14,64354,401534,0,0,0,14,14,0,0,3.89,9
2025-05-14,64354,509434,2600,1,1,9,9,2600,0,5.0,1
2025-05-14,64354,510003,0,0,0,8,8,0,0,,0
2025-05-14,64354,560271,0,0,0,1,1,0,0,3.5,2
2025-05-14,64378,101954,0,0,0,3,3,0,0,,0
2025-05-14,64378,216173,0,0,0,4,4,0,0,4.13,8
2025-05-14,64378,502835,0,0,0,2,2,0,0,2.9,10
2025-05-14,64405,206440,0,0,0,5,5,0,0,,0
2025-05-14,64405,207288,0,0,0,3,3,0,0,,0
2025-05-14,64405,408789,899,1,1,42,41,899,0,4.08,12
2025-05-14,64620,216158,0,0,0,2,2,0,0,5.0,1
2025-05-14,64620,401534,0,0,0,2,2,0,0,,0
2025-05-14,64620,407120,0,0,0,1,1,0,0,4.5,2
2025-05-14,64762,216173,900,1,1,4,4,900,0,4.35,65
2025-05-14,64762,502221,0,0,0,12,12,0,0,4.5,22
2025-05-14,64964,205582,0,0,0,2,2,0,0,3.9,20
2025-05-14,64967,206440,0,0,0,7,7,0,0,,0
2025-05-14,64967,206471,0,0,0,7,7,0,0,3.0,1
2025-05-14,64967,551180,0,0,0,15,14,0,0,5.0,4
2025-05-14,65103,110365,0,0,0,12,12,0,0,4.43,58
2025-05-14,65103,301577,9800,1,1,74,69,9800,0,4.56,341
2025-05-14,65103,560271,15000,10,10,338,316,7800,1,4.5,2138
2025-05-14,65145,204586,0,0,0,5,5,0,0,,0
2025-05-14,65145,208532,0,0,0,1,1,0,0,4.33,3
2025-05-14,65145,212377,0,0,0,9,6,0,0,,0
2025-05-14,65145,215913,0,0,0,2,2,0,0,4.25,8
2025-05-14,65145,502835,0,0,0,3,3,0,0,3.0,1
2025-05-14,65145,560271,48460,7,7,534,487,48460,0,4.63,605
2025-05-14,65145,564895,0,0,0,40,39,0,0,5.0,1
2025-05-14,65610,567538,0,0,0,3,3,0,0,3.0,1
2025-05-14,65665,204964,0,0,0,7,7,0,0,4.4,5
2025-05-14,65741,205761,7980,1,1,94,94,7980,0,4.52,50
2025-05-14,65940,101954,0,0,0,10,10,0,0,,0
2025-05-14,65940,201351,5300,1,1,30,29,5300,1,4.75,44
2025-05-14,65940,216424,0,0,0,4,4,0,0,,0
2025-05-14,65940,508456,55500,2,2,293,275,27750,0,4.65,78
2025-05-14,65940,509417,125300,6,6,238,223,63100,0,4.86,36
2025-05-14,65940,510003,182620,29,29,501,481,13610,1,4.35,237
2025-05-14,66139,205761,4280,1,1,1,1,4280,0,,0
2025-05-14,66139,214099,9980,1,1,14,13,9980,0,5.0,2
2025-05-14,66139,566061,215460,37,37,672,593,57893,1,4.79,302
2025-05-14,66199,407120,0,0,0,4,4,0,0,5.0,1
2025-05-14,66276,101020,0,0,0,1,1,0,0,4.68,22
2025-05-14,66276,216424,0,0,0,3,3,0,0,4.67,12
2025-05-14,66276,507843,0,0,0,4,3,0,0,,0
2025-05-14,66276,551180,0,0,0,2,2,0,0,,0
2025-05-14,66276,558846,0,0,0,1,1,0,0,,0
2025-05-14,66383,205611,0,0,0,1,1,0,0,4.67,6
2025-05-14,66383,206440,6080,2,2,95,86,6080,0,4.05,72
2025-05-14,66383,206471,1780,1,1,84,82,1780,0,4.24,17
2025-05-14,66383,216173,0,0,0,1,1,0,0,3.0,1
2025-05-14,66383,502835,38910,13,13,157,144,5800,2,4.38,303
2025-05-14,66383,551732,0,0,0,3,3,0,0,5.0,1
2025-05-14,66383,558846,0,0,0,16,16,0,0,3.25,4
2025-05-14,66383,560271,0,0,0,1,1,0,0,,0
2025-05-14,66549,205611,0,0,0,65,63,0,0,4.54,82
2025-05-14,67171,215430,0,0,0,5,5,0,0,5.0,1
2025-05-14,67171,551228,0,0,0,11,10,0,0,4.5,2
2025-05-14,67216,201351,0,0,0,9,9,0,0,5.0,1
2025-05-14,67226,562641,396000,1,1,608,568,396000,1,4.82,108
2025-05-14,67381,100487,0,0,0,5,5,0,0,,0
2025-05-14,67381,110365,0,0,0,1,1,0,0,,0
2025-05-14,67381,206440,2360,1,1,19,19,2360,0,,0
2025-05-14,67381,206471,0,0,0,8,7,0,0,,0
2025-05-14,67381,216158,0,0,0,4,4,0,0,5.0,1
2025-05-14,67381,408789,0,0,0,1,1,0,0,,0
2025-05-14,67381,508599,0,0,0,1,1,0,0,,0
2025-05-14,67381,560271,0,0,0,2,2,0,0,5.0,1
2025-05-14,67456,567665,0,0,0,104,101,0,0,4.5,10
2025-05-14,67676,301577,0,0,0,47,45,0,0,4.23,36
2025-05-14,67676,401131,0,0,0,60,58,0,0,4.47,228
2025-05-14,67676,408789,0,0,0,2,2,0,0,3.5,4
2025-05-14,67676,509434,0,0,0,3,3,0,0,5.0,1
2025-05-14,67676,551228,0,0,0,5,4,0,0,4.27,22
2025-05-14,67676,562641,0,0,0,7,7,0,0,4.6,5
2025-05-14,67887,205761,0,0,0,5,5,0,0,4.81,16
2025-05-14,67993,551180,0,0,0,45,40,0,0,4.45,11
2025-05-14,67993,558873,0,0,0,4,3,0,0,,0
2025-05-14,68130,101020,8780,1,1,2,2,8780,0,5.0,1
2025-05-14,68130,214781,158934,14,14,55,48,61622,0,4.82,771
2025-05-14,68130,216424,35820,5,5,95,86,26320,0,4.75,217
2025-05-14,68130,507843,16100,1,1,5,4,16100,0,4.63,30
2025-05-14,68130,567623,9240,1,1,6,4,9240,0,4.73,37
2025-05-14,68130,567645,3800,1,1,6,6,3800,0,4.33,3
2025-05-14,68148,201632,0,0,0,128,120,0,0,4.85,20
2025-05-14,68148,401131,28770,9,9,1650,1571,19660,0,4.64,160
2025-05-14,68402,100487,0,0,0,2,2,0,0,,0
2025-05-14,68402,401131,2860,2,2,211,202,2860,0,4.48,260
2025-05-14,68636,100487,1464,3,3,19,18,488,0,4.45,31
2025-05-14,68636,110365,1274,4,4,46,43,637,1,4.32,204
2025-05-14,68636,216173,1599,1,1,33,31,1599,0,4.55,44
2025-05-14,68636,502835,0,0,0,7,6,0,0,4.43,7
2025-05-14,68636,555421,8244,5,5,94,88,1649,1,4.4,392
2025-05-14,69232,509434,0,0,0,22,21,0,1,4.52,125
2025-05-14,69373,214781,0,0,0,9,9,0,0,4.33,12
2025-05-14,69373,216424,2500,1,1,6,5,2500,0,4.55,11
2025-05-14,69373,507843,66480,7,7,57,54,53000,1,4.23,113
2025-05-14,69373,510003,5680,1,1,49,48,5680,0,4.5,4
2025-05-14,69451,216424,4620,1,1,22,21,4620,0,4.5,4
2025-05-14,69451,407120,0,0,0,8,7,0,0,,0
2025-05-14,69451,567538,0,0,0,6,6,0,0,,0
2025-05-14,69526,110365,0,0,0,64,63,0,0,,0
2025-05-14,69526,201632,3070,1,1,122,120,3070,1,4.94,33
2025-05-14,69526,204586,0,0,0,1,1,0,0,,0
2025-05-14,69526,207288,22350,9,9,343,322,11790,2,4.79,14
2025-05-14,69526,408789,0,0,0,2,2,0,0,,0
2025-05-14,69526,551732,0,0,0,2,2,0,0,,0
2025-05-14,69526,551736,0,0,0,29,27,0,0,5.0,3
2025-05-14,69584,408789,0,0,0,6,6,0,0,,0
2025-05-14,69854,565724,0,0,0,14,14,0,0,,0
2025-05-14,70533,205272,0,0,0,3,3,0,0,,0
2025-05-14,70533,301577,0,0,0,27,26,0,0,4.42,74
2025-05-14,70533,551228,0,0,0,52,49,0,0,4.8,5
2025-05-14,70894,101020,0,0,0,21,19,0,0,4.88,95
2025-05-14,70923,205761,0,0,0,14,13,0,0,,0
2025-05-14,70923,507843,0,0,0,1,1,0,0,,0
2025-05-14,70923,510003,0,0,0,2,2,0,0,,0
2025-05-14,70923,567538,2300,1,1,10,10,2300,0,,0
2025-05-14,70972,101384,450000,6,6,108,107,440000,0,4.81,21
2025-05-14,70972,101954,0,0,0,25,25,0,0,5.0,1
2025-05-14,70972,201184,0,0,0,1,1,0,0,,0
2025-05-14,70972,207802,0,0,0,1,1,0,0,,0
2025-05-14,70972,210413,250000,1,1,31,30,250000,0,3.83,6
2025-05-14,70972,214099,0,0,0,1,1,0,0,,0
2025-05-14,70972,216424,0,0,0,1,1,0,0,,0
2025-05-14,70972,408789,0,0,0,2,2,0,0,,0
2025-05-14,70972,502835,0,0,0,48,48,0,0,5.0,1
2025-05-14,70972,506539,0,0,0,3,2,0,0,,0
2025-05-14,70972,560271,0,0,0,1,1,0,0,,0
2025-05-14,70972,567538,0,0,0,4,4,0,0,5.0,1
2025-05-14,71411,201184,3999,1,1,15,14,3999,0,,0
2025-05-14,71411,201351,1800,1,1,64,63,1800,0,5.0,1
2025-05-14,71411,214781,4598,3,3,33,31,4598,0,,0
2025-05-14,71411,506536,14191,4,4,44,37,9103,0,,0
2025-05-14,71411,506539,2080,1,1,19,15,2080,0,,0
2025-05-14,71411,560271,0,0,0,28,28,0,0,,0
2025-05-14,71411,564647,0,0,0,3,3,0,0,,0
2025-05-14,71596,100181,0,0,0,3,3,0,0,,0
2025-05-14,71596,201351,0,0,0,8,8,0,0,,0
2025-05-14,71596,201632,0,0,0,5,5,0,0,,0
2025-05-14,71596,204964,0,0,0,1,1,0,0,,0
2025-05-14,71596,205582,0,0,0,3,3,0,0,,0
2025-05-14,71596,205611,0,0,0,6,6,0,0,,0
2025-05-14,71596,205761,0,0,0,2,2,0,0,4.75,4
2025-05-14,71596,206361,0,0,0,8,8,0,0,,0
2025-05-14,71596,206440,0,0,0,2,2,0,0,,0
2025-05-14,71596,206471,4280,1,1,8,8,4280,0,,0
2025-05-14,71596,212377,0,0,0,1,1,0,0,,0
2025-05-14,71596,215913,0,0,0,5,5,0,0,,0
2025-05-14,71596,301577,0,0,0,62,53,0,0,,0
2025-05-14,71596,402279,5560,1,1,7,7,5560,0,,0
2025-05-14,71596,502835,0,0,0,5,4,0,0,,0
2025-05-14,71596,506536,0,0,0,1,1,0,0,,0
2025-05-14,71596,506539,0,0,0,1,1,0,0,,0
2025-05-14,71596,551180,0,0,0,11,9,0,0,4.5,2
2025-05-14,71596,551228,0,0,0,6,6,0,0,,0
2025-05-14,71596,551732,0,0,0,5,5,0,0,,0
2025-05-14,71596,551736,7120,1,1,7,7,7120,0,5.0,1
2025-05-14,71596,555421,0,0,0,2,2,0,0,,0
2025-05-14,71596,558846,0,0,0,11,10,0,0,,0
2025-05-14,71596,558873,0,0,0,2,2,0,0,,0
2025-05-14,71596,563689,0,0,0,2,2,0,0,,0
2025-05-14,71596,564647,0,0,0,1,1,0,0,5.0,3
2025-05-14,71596,565724,0,0,0,1,1,0,0,,0
2025-05-14,71765,201486,0,0,0,1,1,0,0,,0
2025-05-14,71765,216173,0,0,0,1,1,0,0,4.57,7
2025-05-14,71765,216424,80748,5,5,40,37,30543,0,5.0,1
2025-05-14,71765,507843,0,0,0,6,5,0,0,3.75,4
2025-05-14,71765,567538,0,0,0,18,17,0,0,4.56,9
2025-05-14,71765,567623,0,0,0,5,5,0,0,4.0,1
2025-05-14,71765,567645,0,0,0,3,3,0,0,4.67,6
2025-05-14,71860,200181,0,0,0,18,16,0,0,4.67,12
2025-05-14,71860,205582,0,0,0,1,1,0,0,,0
2025-05-14,71860,205611,2980,1,1,5,3,2980,0,,0
2025-05-14,71860,401131,0,0,0,15,15,0,0,5.0,1
2025-05-14,71860,401534,0,0,0,9,9,0,0,4.75,4
2025-05-14,71869,100487,0,0,0,2,2,0,0,5.0,1
2025-05-14,72167,201632,0,0,0,4,4,0,0,5.0,3
2025-05-14,72167,506539,0,0,0,29,24,0,1,4.88,32
2025-05-14,72467,100487,11050,3,3,161,153,7370,0,4.69,54
2025-05-14,72536,205761,0,0,0,4,4,0,0,5.0,2
2025-05-14,73026,101535,4200,1,1,31,30,4200,0,,0
2025-05-14,73026,205761,0,0,0,3,3,0,0,,0
2025-05-14,73026,502835,0,0,0,3,3,0,0,,0
2025-05-14,73026,566647,0,0,0,2,2,0,0,,0
2025-05-14,73026,567554,0,0,0,38,37,0,0,4.5,6
2025-05-14,73530,560271,880,1,1,17,17,880,0,4.5,2
2025-05-14,73674,301577,0,0,0,16,16,0,0,3.5,8
2025-05-14,73674,401131,0,0,0,8,8,0,0,4.4,5
2025-05-14,73674,408789,0,0,0,50,45,0,0,5.0,4
2025-05-14,73674,509434,0,0,0,1,1,0,0,,0
2025-05-14,73674,551228,0,0,0,2,2,0,0,,0
2025-05-14,73674,562641,0,0,0,3,3,0,0,5.0,1
2025-05-14,73939,567538,30000,8,8,82,78,20000,0,4.69,23
2025-05-14,73978,509434,0,0,0,10,9,0,0,4.73,11
2025-05-14,74191,502221,13960,2,2,82,77,6980,1,4.5,16
2025-05-14,75227,205761,0,0,0,34,34,0,0,,0
2025-05-14,75227,401534,0,0,0,2,2,0,0,,0
2025-05-14,75227,402279,0,0,0,9,6,0,0,5.0,2
2025-05-14,75227,507843,0,0,0,5,5,0,0,,0
2025-05-14,75227,508456,7526,3,3,96,91,5548,0,4.55,152
2025-05-14,75227,509417,0,0,0,9,9,0,0,4.5,2
2025-05-14,75227,567538,11798,1,1,11,9,11798,0,4.91,11
2025-05-14,75272,408789,0,0,0,19,19,0,0,,0
2025-05-14,75439,205761,7800,1,1,11,11,7800,0,,0
2025-05-14,75439,508456,14850,1,1,12,9,14850,0,,0
2025-05-14,75439,567538,7200,2,2,4,4,3600,0,5.0,1
2025-05-14,75439,567645,3380,1,1,2,2,3380,0,5.0,1
2025-05-14,75466,551732,0,0,0,1,1,0,0,4.0,1
2025-05-14,75557,201632,4401,1,1,13,11,4401,0,5.0,3
2025-05-14,75557,205761,0,0,0,2,2,0,0,,0
2025-05-14,75557,207288,0,0,0,15,15,0,0,,0
2025-05-14,75557,551180,0,0,0,8,8,0,0,,0
2025-05-14,75587,508599,0,0,0,5,4,0,0,3.5,2
2025-05-14,75618,214781,0,0,0,2,1,0,0,4.25,4
2025-05-14,75618,216424,0,0,0,1,1,0,0,,0
2025-05-14,75618,507843,0,0,0,16,16,0,0,2.0,2
2025-05-14,75618,510003,0,0,0,2,2,0,0,,0
2025-05-14,76161,408789,0,0,0,3,3,0,0,,0
2025-05-14,76245,101535,0,0,0,7,6,0,0,5.0,1
2025-05-14,76245,207774,0,0,0,2,2,0,0,,0
2025-05-14,76386,201632,3850,1,1,26,20,3850,0,4.33,3
2025-05-14,76386,206471,0,0,0,13,11,0,0,5.0,1
2025-05-14,76386,401534,980,1,1,14,14,980,0,4.0,2
2025-05-14,76386,551180,0,0,0,6,6,0,0,,0
2025-05-14,77081,205761,0,0,0,7,7,0,0,4.0,1
2025-05-14,77401,214781,0,0,0,6,6,0,0,,0
2025-05-14,77401,507843,0,0,0,24,24,0,0,4.0,4
2025-05-14,77401,510003,0,0,0,6,6,0,0,,0
2025-05-14,77559,402279,0,0,0,1,1,0,0,,0
2025-05-14,78265,110365,0,0,0,3,3,0,0,,0
2025-05-14,78265,216424,0,0,0,9,8,0,0,4.64,14
2025-05-14,78386,502221,0,0,0,105,102,0,0,4.89,52
2025-05-14,78386,502280,0,0,0,115,109,0,0,4.73,15
2025-05-14,78530,212377,0,0,0,22,21,0,0,,0
2025-05-14,78530,215913,0,0,0,10,10,0,0,,0
2025-05-14,79040,200181,0,0,0,1,1,0,0,,0
2025-05-14,79382,401131,0,0,0,99,98,0,0,5.0,3
2025-05-14,80259,200181,0,0,0,14,11,0,0,,0
