date,genre,rank,shop,source,sales,lower_rank,upper_rank,lower_sales,upper_sales
2026-05-31,100181,1,,estimated,45024.78,,,,
2026-05-31,100181,2,,estimated,38537.9,,,,
2026-05-31,100181,3,,estimated,37189.08,,,,
2026-05-31,100181,4,,estimated,26692.31,,,,
2026-05-31,100181,5,,estimated,23561.5,,,,
2026-05-31,100181,6,,estimated,22736.85,,,,
2026-05-31,100181,7,,estimated,21941.06,,,,
2026-05-31,100181,8,,estimated,20336.56,,,,
2026-05-31,100181,9,,estimated,19222.18,,,,
2026-05-31,100181,10,,estimated,18424.97,,,,
2026-05-31,100181,11,,estimated,17780.09,,,,
2026-05-31,100181,12,,estimated,17157.79,,,,
2026-05-31,100181,13,,estimated,16557.27,,,,
2026-05-31,100181,14,,estimated,15977.76,,,,
2026-05-31,100181,15,,estimated,15418.54,,,,
2026-05-31,100181,16,,estimated,14878.89,,,,
2026-05-31,100181,17,,estimated,14358.13,,,,
2026-05-31,100181,18,,estimated,13855.6,,,,
2026-05-31,100181,19,,estimated,13370.65,,,,
2026-05-31,100181,20,,estimated,12902.68,,,,
2026-05-31,100487,1,,estimated,78903.95,,,,
2026-05-31,100487,2,,estimated,52950.83,,,,
2026-05-31,100487,3,,estimated,43337.99,,,,
2026-05-31,100487,4,,estimated,39423.07,,,,
2026-05-31,100487,5,,estimated,37821.4,,,,
2026-05-31,100487,6,,estimated,34263.24,,,,
2026-05-31,100487,7,,estimated,33064.02,,,,
2026-05-31,100487,8,,estimated,31906.78,,,,
2026-05-31,100487,9,,estimated,30790.05,,,,
2026-05-31,100487,10,,estimated,29712.39,,,,
2026-05-31,100487,11,,estimated,28672.46,,,,
2026-05-31,100487,12,,estimated,27668.92,,,,
2026-05-31,100487,13,,estimated,26700.51,,,,
2026-05-31,100487,14,,estimated,25765.99,,,,
2026-05-31,100487,15,,estimated,24864.18,,,,
2026-05-31,100487,16,,estimated,23993.94,,,,
2026-05-31,100487,17,,estimated,23154.15,,,,
2026-05-31,100487,18,,estimated,22343.75,,,,
2026-05-31,100487,19,,estimated,21561.72,,,,
2026-05-31,100487,20,,estimated,20807.06,,,,
2026-05-31,100992,1,,estimated,310672.08,,,,
2026-05-31,100992,2,,estimated,171437.02,,,,
2026-05-31,100992,3,,estimated,122650.21,,,,
2026-05-31,100992,4,,estimated,109308.64,,,,
2026-05-31,100992,5,,estimated,101982.14,,,,
2026-05-31,100992,6,,estimated,95325.82,,,,
2026-05-31,100992,7,,estimated,91682.44,,,,
2026-05-31,100992,8,,estimated,86141.71,,,,
2026-05-31,100992,9,,estimated,82784.98,,,,
2026-05-31,100992,10,,estimated,79887.51,,,,
2026-05-31,100992,11,,estimated,77091.45,,,,
2026-05-31,100992,12,,estimated,74393.25,,,,
2026-05-31,100992,13,,estimated,71789.48,,,,
2026-05-31,100992,14,,estimated,69276.85,,,,
2026-05-31,100992,15,,estimated,66852.16,,,,
2026-05-31,100992,16,,estimated,64512.33,,,,
2026-05-31,100992,17,,estimated,62254.4,,,,
2026-05-31,100992,18,,estimated,60075.5,,,,
2026-05-31,100992,19,,estimated,57972.86,,,,
2026-05-31,100992,20,,estimated,55943.81,,,,
2026-05-31,101020,1,,estimated,160615.96,,,,
2026-05-31,101020,2,,estimated,98883.97,,,,
2026-05-31,101020,3,,estimated,75681.83,,,,
2026-05-31,101020,4,,estimated,68413.3,,,,
2026-05-31,101020,5,,estimated,61703.31,,,,
2026-05-31,101020,6,,estimated,55804.96,,,,
2026-05-31,101020,7,,estimated,38517.71,,,,
2026-05-31,101020,8,,estimated,31361.87,,,,
2026-05-31,101020,9,,estimated,29716.25,,,,
2026-05-31,101020,10,,estimated,28238.54,,,,
2026-05-31,101020,11,,estimated,25632.21,,,,
2026-05-31,101020,12,,estimated,24530.31,,,,
2026-05-31,101020,13,,estimated,23586.35,,,,
2026-05-31,101020,14,,estimated,22427.62,,,,
2026-05-31,101020,15,,estimated,21642.65,,,,
2026-05-31,101020,16,,estimated,20885.16,,,,
2026-05-31,101020,17,,estimated,20154.18,,,,
2026-05-31,101020,18,,estimated,19448.78,,,,
2026-05-31,101020,19,,estimated,16365.58,,,,
2026-05-31,101020,20,,estimated,15592.09,,,,
2026-05-31,101384,1,,estimated,240424.51,,,,
2026-05-31,101384,2,,estimated,123926.32,,,,
2026-05-31,101384,3,,estimated,85083.43,,,,
2026-05-31,101384,4,,estimated,65800.19,,,,
2026-05-31,101384,5,,estimated,53976.18,,,,
2026-05-31,101384,6,,estimated,45925.85,,,,
2026-05-31,101384,7,,estimated,40183.67,,,,
2026-05-31,101384,8,,estimated,35897.85,,,,
2026-05-31,101384,9,,estimated,32187.93,,,,
2026-05-31,101384,10,,estimated,29534.83,,,,
2026-05-31,101384,11,,estimated,27300.76,,,,
2026-05-31,101384,12,,estimated,25275.38,,,,
2026-05-31,101384,13,,estimated,23860.52,,,,
2026-05-31,101384,14,,estimated,22452.93,,,,
2026-05-31,101384,15,,estimated,21390.41,,,,
2026-05-31,101384,16,,estimated,20361.45,,,,
2026-05-31,101384,17,,estimated,19648.8,,,,
2026-05-31,101384,18,,estimated,18961.09,,,,
2026-05-31,101384,19,,estimated,18297.45,,,,
2026-05-31,101384,20,,estimated,17441.05,,,,
2026-05-31,101535,1,,estimated,226799.99,,,,
2026-05-31,101535,2,,estimated,107907.36,,,,
2026-05-31,101535,3,,estimated,91522.22,,,,
2026-05-31,101535,4,,estimated,80251.98,,,,
2026-05-31,101535,5,,estimated,75468.95,,,,
2026-05-31,101535,6,,estimated,70748.47,,,,
2026-05-31,101535,7,,estimated,66185.38,,,,
2026-05-31,101535,8,,estimated,63868.9,,,,
2026-05-31,101535,9,,estimated,61633.48,,,,
2026-05-31,101535,10,,estimated,59476.31,,,,
2026-05-31,101535,11,,estimated,56851.06,,,,
2026-05-31,101535,12,,estimated,54861.27,,,,
2026-05-31,101535,13,,estimated,52941.12,,,,
2026-05-31,101535,14,,estimated,51088.18,,,,
2026-05-31,101535,15,,estimated,49300.1,,,,
2026-05-31,101535,16,,estimated,47574.59,,,,
2026-05-31,101535,17,,estimated,45909.48,,,,
2026-05-31,101535,18,,estimated,44302.65,,,,
2026-05-31,101535,19,,estimated,42752.06,,,,
2026-05-31,101535,20,,estimated,41255.74,,,,
2026-05-31,101954,1,,estimated,240424.51,,,,
2026-05-31,101954,2,,estimated,123926.32,,,,
2026-05-31,101954,3,,estimated,85083.43,,,,
2026-05-31,101954,4,,estimated,65800.19,,,,
2026-05-31,101954,5,,estimated,53976.18,,,,
2026-05-31,101954,6,,estimated,45925.85,,,,
2026-05-31,101954,7,,estimated,40183.67,,,,
2026-05-31,101954,8,,estimated,35897.85,,,,
2026-05-31,101954,9,,estimated,32187.93,,,,
2026-05-31,101954,10,,estimated,29534.83,,,,
2026-05-31,101954,11,,estimated,27300.76,,,,
2026-05-31,101954,12,,estimated,25275.38,,,,
2026-05-31,101954,13,,estimated,23860.52,,,,
2026-05-31,101954,14,,estimated,22452.93,,,,
2026-05-31,101954,15,,estimated,21390.41,,,,
2026-05-31,101954,16,,estimated,20361.45,,,,
2026-05-31,101954,17,,estimated,19648.8,,,,
2026-05-31,101954,18,,estimated,18961.09,,,,
2026-05-31,101954,19,,estimated,18297.45,,,,
2026-05-31,101954,20,,estimated,17441.05,,,,
2026-05-31,110365,1,,estimated,89386.29,,,,
2026-05-31,110365,2,,estimated,55121.71,,,,
2026-05-31,110365,3,,estimated,46899.47,,,,
2026-05-31,110365,4,,estimated,41317.07,,,,
2026-05-31,110365,5,,estimated,31304.24,,,,
2026-05-31,110365,6,,estimated,28174.14,,,,
2026-05-31,110365,7,,estimated,25029.88,,,,
2026-05-31,110365,8,,estimated,23488.99,,,,
2026-05-31,110365,9,,estimated,20488.3,,,,
2026-05-31,110365,10,,estimated,19307.62,,,,
2026-05-31,110365,11,,estimated,18130.86,,,,
2026-05-31,110365,12,,estimated,17084.64,,,,
2026-05-31,110365,13,,estimated,16398.77,,,,
2026-05-31,110365,14,,estimated,15824.82,,,,
2026-05-31,110365,15,,estimated,15270.95,,,,
2026-05-31,110365,16,,estimated,14736.46,,,,
2026-05-31,110365,17,,estimated,14220.69,,,,
2026-05-31,110365,18,,estimated,12719.32,,,,
2026-05-31,110365,19,,estimated,12274.14,,,,
2026-05-31,110365,20,,estimated,11844.55,,,,
2026-05-31,110409,1,,estimated,343701.03,,,,
2026-05-31,110409,2,,estimated,257606.4,,,,
2026-05-31,110409,3,,estimated,110463.69,,,,
2026-05-31,110409,4,,estimated,99772.53,,,,
2026-05-31,110409,5,,estimated,96280.49,,,,
2026-05-31,110409,6,,estimated,85154.77,,,,
2026-05-31,110409,7,,estimated,80158.43,,,,
2026-05-31,110409,8,,estimated,77352.89,,,,
2026-05-31,110409,9,,estimated,72845.61,,,,
2026-05-31,110409,10,,estimated,70296.01,,,,
2026-05-31,110409,11,,estimated,67835.65,,,,
2026-05-31,110409,12,,estimated,65461.4,,,,
2026-05-31,110409,13,,estimated,63170.25,,,,
2026-05-31,110409,14,,estimated,60959.29,,,,
2026-05-31,110409,15,,estimated,58825.72,,,,
2026-05-31,110409,16,,estimated,56766.82,,,,
2026-05-31,110409,17,,estimated,54779.98,,,,
2026-05-31,110409,18,,estimated,52862.68,,,,
2026-05-31,110409,19,,estimated,51012.49,,,,
2026-05-31,110409,20,,estimated,49227.05,,,,
2026-05-31,110435,1,,estimated,175233.15,,,,
2026-05-31,110435,2,,estimated,78349.17,,,,
2026-05-31,110435,3,,estimated,63034.83,,,,
2026-05-31,110435,4,,estimated,57653.92,,,,
2026-05-31,110435,5,,estimated,52612.48,,,,
2026-05-31,110435,6,,estimated,47851.81,,,,
2026-05-31,110435,7,,estimated,46177.0,,,,
2026-05-31,110435,8,,estimated,44560.8,,,,
2026-05-31,110435,9,,estimated,43001.18,,,,
2026-05-31,110435,10,,estimated,41496.13,,,,
2026-05-31,110435,11,,estimated,40043.77,,,,
2026-05-31,110435,12,,estimated,38642.24,,,,
2026-05-31,110435,13,,estimated,37289.76,,,,
2026-05-31,110435,14,,estimated,35984.62,,,,
2026-05-31,110435,15,,estimated,34725.16,,,,
2026-05-31,110435,16,,estimated,33509.78,,,,
2026-05-31,110435,17,,estimated,32336.93,,,,
2026-05-31,110435,18,,estimated,31205.14,,,,
2026-05-31,110435,19,,estimated,30112.96,,,,
2026-05-31,110435,20,,estimated,29059.01,,,,
2026-05-31,110632,1,,estimated,198410.85,,,,
2026-05-31,110632,2,,estimated,156565.43,,,,
2026-05-31,110632,3,,estimated,135213.31,,,,
2026-05-31,110632,4,,estimated,117743.88,,,,
2026-05-31,110632,5,,estimated,90888.01,,,,
2026-05-31,110632,6,,estimated,87706.93,,,,
2026-05-31,110632,7,,estimated,83186.29,,,,
2026-05-31,110632,8,,estimated,80274.77,,,,
2026-05-31,110632,9,,estimated,76408.43,,,,
2026-05-31,110632,10,,estimated,71649.36,,,,
2026-05-31,110632,11,,estimated,66783.99,,,,
2026-05-31,110632,12,,estimated,64446.55,,,,
2026-05-31,110632,13,,estimated,62190.92,,,,
2026-05-31,110632,14,,estimated,58870.62,,,,
2026-05-31,110632,15,,estimated,53091.27,,,,
2026-05-31,110632,16,,estimated,51233.08,,,,
2026-05-31,110632,17,,estimated,49439.92,,,,
2026-05-31,110632,18,,estimated,47709.52,,,,
2026-05-31,110632,19,,estimated,45402.88,,,,
2026-05-31,110632,20,,estimated,42957.18,,,,
2026-05-31,200181,1,,estimated,61341.74,,,,
2026-05-31,200181,2,,estimated,41493.62,,,,
2026-05-31,200181,3,,estimated,36038.88,,,,
2026-05-31,200181,4,,estimated,31029.82,,,,
2026-05-31,200181,5,,estimated,29943.78,,,,
2026-05-31,200181,6,,estimated,27708.51,,,,
2026-05-31,200181,7,,estimated,26323.77,,,,
2026-05-31,200181,8,,estimated,25402.44,,,,
2026-05-31,200181,9,,estimated,24513.35,,,,
2026-05-31,200181,10,,estimated,23655.39,,,,
2026-05-31,200181,11,,estimated,22827.45,,,,
2026-05-31,200181,12,,estimated,22028.49,,,,
2026-05-31,200181,13,,estimated,21257.49,,,,
2026-05-31,200181,14,,estimated,20513.48,,,,
2026-05-31,200181,15,,estimated,19795.51,,,,
2026-05-31,200181,16,,estimated,19102.66,,,,
2026-05-31,200181,17,,estimated,18434.07,,,,
2026-05-31,200181,18,,estimated,17788.88,,,,
2026-05-31,200181,19,,estimated,17166.27,,,,
2026-05-31,200181,20,,estimated,16565.45,,,,
2026-05-31,201184,1,,estimated,736494.72,,,,
2026-05-31,201184,2,,estimated,376653.46,,,,
2026-05-31,201184,3,,estimated,256696.19,,,,
2026-05-31,201184,4,,estimated,196905.81,,,,
2026-05-31,201184,5,,estimated,160608.62,,,,
2026-05-31,201184,6,,estimated,135882.41,,,,
2026-05-31,201184,7,,estimated,118267.6,,,,
2026-05-31,201184,8,,estimated,114128.23,,,,
2026-05-31,201184,9,,estimated,101446.26,,,,
2026-05-31,201184,10,,estimated,85882.69,,,,
2026-05-31,201184,11,,estimated,82876.8,,,,
2026-05-31,201184,12,,estimated,72597.97,,,,
2026-05-31,201184,13,,estimated,70057.04,,,,
2026-05-31,201184,14,,estimated,67605.05,,,,
2026-05-31,201184,15,,estimated,65144.67,,,,
2026-05-31,201184,16,,estimated,62864.61,,,,
2026-05-31,201184,17,,estimated,54797.67,,,,
2026-05-31,201184,18,,estimated,52879.75,,,,
2026-05-31,201184,19,,estimated,50372.7,,,,
2026-05-31,201184,20,,estimated,48609.66,,,,
2026-05-31,201351,1,,estimated,440279.14,,,,
2026-05-31,201351,2,,estimated,301137.4,,,,
2026-05-31,201351,3,,estimated,254714.82,,,,
2026-05-31,201351,4,,estimated,232279.41,,,,
2026-05-31,201351,5,,estimated,224149.64,,,,
2026-05-31,201351,6,,estimated,216304.4,,,,
2026-05-31,201351,7,,estimated,208733.74,,,,
2026-05-31,201351,8,,estimated,201428.06,,,,
2026-05-31,201351,9,,estimated,194378.08,,,,
2026-05-31,201351,10,,estimated,187574.85,,,,
2026-05-31,201351,11,,estimated,181009.73,,,,
2026-05-31,201351,12,,estimated,174674.39,,,,
2026-05-31,201351,13,,estimated,168560.78,,,,
2026-05-31,201351,14,,estimated,162661.16,,,,
2026-05-31,201351,15,,estimated,156968.02,,,,
2026-05-31,201351,16,,estimated,151474.14,,,,
2026-05-31,201351,17,,estimated,146172.54,,,,
2026-05-31,201351,18,,estimated,141056.5,,,,
2026-05-31,201351,19,,estimated,136119.52,,,,
2026-05-31,201351,20,,estimated,131355.34,,,,
2026-05-31,201486,1,,estimated,229870.08,,,,
2026-05-31,201486,2,,estimated,126207.39,,,,
2026-05-31,201486,3,,estimated,102699.73,,,,
2026-05-31,201486,4,,estimated,66595.58,,,,
2026-05-31,201486,5,,estimated,57654.12,,,,
2026-05-31,201486,6,,estimated,44645.64,,,,
2026-05-31,201486,7,,estimated,40884.84,,,,
2026-05-31,201486,8,,estimated,36001.5,,,,
2026-05-31,201486,9,,estimated,28845.12,,,,
2026-05-31,201486,10,,estimated,27421.98,,,,
2026-05-31,201486,11,,estimated,25802.25,,,,
2026-05-31,201486,12,,estimated,23993.9,,,,
2026-05-31,201486,13,,estimated,23103.35,,,,
2026-05-31,201486,14,,estimated,22294.73,,,,
2026-05-31,201486,15,,estimated,20179.05,,,,
2026-05-31,201486,16,,estimated,19174.67,,,,
2026-05-31,201486,17,,estimated,18194.78,,,,
2026-05-31,201486,18,,estimated,17186.11,,,,
2026-05-31,201486,19,,estimated,16584.6,,,,
2026-05-31,201486,20,,estimated,14869.12,,,,
2026-05-31,201632,1,,estimated,86707.9,,,,
2026-05-31,201632,2,,estimated,59963.41,,,,
2026-05-31,201632,3,,estimated,47586.29,,,,
2026-05-31,201632,4,,estimated,42197.72,,,,
2026-05-31,201632,5,,estimated,37095.38,,,,
2026-05-31,201632,6,,estimated,35157.19,,,,
2026-05-31,201632,7,,estimated,33926.69,,,,
2026-05-31,201632,8,,estimated,32739.26,,,,
2026-05-31,201632,9,,estimated,31593.38,,,,
2026-05-31,201632,10,,estimated,30487.62,,,,
2026-05-31,201632,11,,estimated,29420.55,,,,
2026-05-31,201632,12,,estimated,28390.83,,,,
2026-05-31,201632,13,,estimated,27397.15,,,,
2026-05-31,201632,14,,estimated,26438.25,,,,
2026-05-31,201632,15,,estimated,25512.91,,,,
2026-05-31,201632,16,,estimated,24619.96,,,,
2026-05-31,201632,17,,estimated,23758.26,,,,
2026-05-31,201632,18,,estimated,22926.72,,,,
2026-05-31,201632,19,,estimated,22124.29,,,,
2026-05-31,201632,20,,estimated,21349.94,,,,
2026-05-31,201925,1,,estimated,103327.77,,,,
2026-05-31,201925,2,,estimated,72055.2,,,,
2026-05-31,201925,3,,estimated,62171.61,,,,
2026-05-31,201925,4,,estimated,57475.77,,,,
2026-05-31,201925,5,,estimated,51284.34,,,,
2026-05-31,201925,6,,estimated,48578.58,,,,
2026-05-31,201925,7,,estimated,46878.33,,,,
2026-05-31,201925,8,,estimated,45237.59,,,,
2026-05-31,201925,9,,estimated,43654.27,,,,
2026-05-31,201925,10,,estimated,42126.37,,,,
2026-05-31,201925,11,,estimated,40651.95,,,,
2026-05-31,201925,12,,estimated,39229.13,,,,
2026-05-31,201925,13,,estimated,37856.11,,,,
2026-05-31,201925,14,,estimated,36531.15,,,,
2026-05-31,201925,15,,estimated,35252.56,,,,
2026-05-31,201925,16,,estimated,34018.72,,,,
2026-05-31,201925,17,,estimated,32828.06,,,,
2026-05-31,201925,18,,estimated,31679.08,,,,
2026-05-31,201925,19,,estimated,30570.31,,,,
2026-05-31,201925,20,,estimated,29500.35,,,,
2026-05-31,202502,1,,estimated,166810.22,,,,
2026-05-31,202502,2,,estimated,111933.36,,,,
2026-05-31,202502,3,,estimated,93576.79,,,,
2026-05-31,202502,4,,estimated,80202.78,,,,
2026-05-31,202502,5,,estimated,71689.01,,,,
2026-05-31,202502,6,,estimated,67087.09,,,,
2026-05-31,202502,7,,estimated,60652.81,,,,
2026-05-31,202502,8,,estimated,57559.49,,,,
2026-05-31,202502,9,,estimated,54184.88,,,,
2026-05-31,202502,10,,estimated,48086.94,,,,
2026-05-31,202502,11,,estimated,45930.85,,,,
2026-05-31,202502,12,,estimated,44323.27,,,,
2026-05-31,202502,13,,estimated,42771.96,,,,
2026-05-31,202502,14,,estimated,38849.99,,,,
2026-05-31,202502,15,,estimated,37490.24,,,,
2026-05-31,202502,16,,estimated,35470.33,,,,
2026-05-31,202502,17,,estimated,34011.27,,,,
2026-05-31,202502,18,,estimated,32820.87,,,,
2026-05-31,202502,19,,estimated,31672.14,,,,
2026-05-31,202502,20,,estimated,30563.62,,,,
2026-05-31,204586,1,,estimated,498013.75,,,,
2026-05-31,204586,2,,estimated,313623.01,,,,
2026-05-31,204586,3,,estimated,277422.59,,,,
2026-05-31,204586,4,,estimated,267712.8,,,,
2026-05-31,204586,5,,estimated,258342.85,,,,
2026-05-31,204586,6,,estimated,249300.85,,,,
2026-05-31,204586,7,,estimated,218032.4,,,,
2026-05-31,204586,8,,estimated,193266.17,,,,
2026-05-31,204586,9,,estimated,186501.85,,,,
2026-05-31,204586,10,,estimated,176743.29,,,,
2026-05-31,204586,11,,estimated,161536.84,,,,
2026-05-31,204586,12,,estimated,155883.05,,,,
2026-05-31,204586,13,,estimated,150427.14,,,,
2026-05-31,204586,14,,estimated,145162.19,,,,
2026-05-31,204586,15,,estimated,140081.51,,,,
2026-05-31,204586,16,,estimated,135178.66,,,,
2026-05-31,204586,17,,estimated,130447.41,,,,
2026-05-31,204586,18,,estimated,125881.75,,,,
2026-05-31,204586,19,,estimated,121475.89,,,,
2026-05-31,204586,20,,estimated,117224.23,,,,
2026-05-31,204934,1,,estimated,98350.25,,,,
2026-05-31,204934,2,,estimated,67604.61,,,,
2026-05-31,204934,3,,estimated,58356.58,,,,
2026-05-31,204934,4,,estimated,52157.91,,,,
2026-05-31,204934,5,,estimated,49666.06,,,,
2026-05-31,204934,6,,estimated,47567.38,,,,
2026-05-31,204934,7,,estimated,44175.24,,,,
2026-05-31,204934,8,,estimated,42629.1,,,,
2026-05-31,204934,9,,estimated,41137.08,,,,
2026-05-31,204934,10,,estimated,39697.29,,,,
2026-05-31,204934,11,,estimated,38307.88,,,,
2026-05-31,204934,12,,estimated,36967.11,,,,
2026-05-31,204934,13,,estimated,35673.26,,,,
2026-05-31,204934,14,,estimated,34424.69,,,,
2026-05-31,204934,15,,estimated,33219.83,,,,
2026-05-31,204934,16,,estimated,32057.13,,,,
2026-05-31,204934,17,,estimated,30935.14,,,,
2026-05-31,204934,18,,estimated,29852.41,,,,
2026-05-31,204934,19,,estimated,28807.57,,,,
2026-05-31,204934,20,,estimated,27799.31,,,,
2026-05-31,204964,1,,estimated,149547.24,,,,
2026-05-31,204964,2,,estimated,95885.05,,,,
2026-05-31,204964,3,,estimated,79811.44,,,,
2026-05-31,204964,4,,estimated,72530.47,,,,
2026-05-31,204964,5,,estimated,68141.72,,,,
2026-05-31,204964,6,,estimated,64121.95,,,,
2026-05-31,204964,7,,estimated,60861.08,,,,
2026-05-31,204964,8,,estimated,58730.95,,,,
2026-05-31,204964,9,,estimated,56675.36,,,,
2026-05-31,204964,10,,estimated,54691.72,,,,
2026-05-31,204964,11,,estimated,52777.51,,,,
2026-05-31,204964,12,,estimated,50930.3,,,,
2026-05-31,204964,13,,estimated,49147.74,,,,
2026-05-31,204964,14,,estimated,47427.57,,,,
2026-05-31,204964,15,,estimated,45767.6,,,,
2026-05-31,204964,16,,estimated,44165.74,,,,
2026-05-31,204964,17,,estimated,42619.94,,,,
2026-05-31,204964,18,,estimated,41128.24,,,,
2026-05-31,204964,19,,estimated,39688.75,,,,
2026-05-31,204964,20,,estimated,38299.65,,,,
2026-05-31,205272,1,,estimated,121906.45,,,,
2026-05-31,205272,2,,estimated,74269.07,,,,
2026-05-31,205272,3,,estimated,62926.71,,,,
2026-05-31,205272,4,,estimated,52388.31,,,,
2026-05-31,205272,5,,estimated,50554.72,,,,
2026-05-31,205272,6,,estimated,48048.1,,,,
2026-05-31,205272,7,,estimated,45969.27,,,,
2026-05-31,205272,8,,estimated,44360.34,,,,
2026-05-31,205272,9,,estimated,41238.05,,,,
2026-05-31,205272,10,,estimated,39181.08,,,,
2026-05-31,205272,11,,estimated,35382.32,,,,
2026-05-31,205272,12,,estimated,34120.95,,,,
2026-05-31,205272,13,,estimated,32926.72,,,,
2026-05-31,205272,14,,estimated,31774.28,,,,
2026-05-31,205272,15,,estimated,30662.18,,,,
2026-05-31,205272,16,,estimated,28728.1,,,,
2026-05-31,205272,17,,estimated,27722.62,,,,
2026-05-31,205272,18,,estimated,26752.33,,,,
2026-05-31,205272,19,,estimated,25815.99,,,,
2026-05-31,205272,20,,estimated,22766.67,,,,
2026-05-31,205582,1,,estimated,225642.84,,,,
2026-05-31,205582,2,,estimated,200786.53,,,,
2026-05-31,205582,3,,estimated,138694.53,,,,
2026-05-31,205582,4,,estimated,123830.45,,,,
2026-05-31,205582,5,,estimated,111100.24,,,,
2026-05-31,205582,6,,estimated,105254.0,,,,
2026-05-31,205582,7,,estimated,101570.11,,,,
2026-05-31,205582,8,,estimated,91301.25,,,,
2026-05-31,205582,9,,estimated,88105.7,,,,
2026-05-31,205582,10,,estimated,85022.0,,,,
2026-05-31,205582,11,,estimated,80369.41,,,,
2026-05-31,205582,12,,estimated,77556.48,,,,
2026-05-31,205582,13,,estimated,74842.0,,,,
2026-05-31,205582,14,,estimated,72222.53,,,,
2026-05-31,205582,15,,estimated,69694.74,,,,
2026-05-31,205582,16,,estimated,67255.43,,,,
2026-05-31,205582,17,,estimated,64901.49,,,,
2026-05-31,205582,18,,estimated,62629.94,,,,
2026-05-31,205582,19,,estimated,60437.89,,,,
2026-05-31,205582,20,,estimated,58322.56,,,,
2026-05-31,205611,1,,estimated,156389.75,,,,
2026-05-31,205611,2,,estimated,85517.3,,,,
2026-05-31,205611,3,,estimated,73784.65,,,,
2026-05-31,205611,4,,estimated,64398.17,,,,
2026-05-31,205611,5,,estimated,62144.23,,,,
2026-05-31,205611,6,,estimated,59047.74,,,,
2026-05-31,205611,7,,estimated,56533.45,,,,
2026-05-31,205611,8,,estimated,54554.78,,,,
2026-05-31,205611,9,,estimated,52645.36,,,,
2026-05-31,205611,10,,estimated,50802.78,,,,
2026-05-31,205611,11,,estimated,49024.68,,,,
2026-05-31,205611,12,,estimated,47308.82,,,,
2026-05-31,205611,13,,estimated,45653.01,,,,
2026-05-31,205611,14,,estimated,44055.15,,,,
2026-05-31,205611,15,,estimated,42513.22,,,,
2026-05-31,205611,16,,estimated,41025.26,,,,
2026-05-31,205611,17,,estimated,39589.37,,,,
2026-05-31,205611,18,,estimated,38203.75,,,,
2026-05-31,205611,19,,estimated,36866.62,,,,
2026-05-31,205611,20,,estimated,35576.28,,,,
2026-05-31,205761,1,,estimated,169854.6,,,,
2026-05-31,205761,2,,estimated,129859.98,,,,
2026-05-31,205761,3,,estimated,80135.44,,,,
2026-05-31,205761,4,,estimated,77330.7,,,,
2026-05-31,205761,5,,estimated,70186.85,,,,
2026-05-31,205761,6,,estimated,66258.28,,,,
2026-05-31,205761,7,,estimated,59371.58,,,,
2026-05-31,205761,8,,estimated,57293.58,,,,
2026-05-31,205761,9,,estimated,54419.53,,,,
2026-05-31,205761,10,,estimated,50424.46,,,,
2026-05-31,205761,11,,estimated,48659.6,,,,
2026-05-31,205761,12,,estimated,46956.52,,,,
2026-05-31,205761,13,,estimated,45313.04,,,,
2026-05-31,205761,14,,estimated,43727.08,,,,
2026-05-31,205761,15,,estimated,42196.63,,,,
2026-05-31,205761,16,,estimated,40719.75,,,,
2026-05-31,205761,17,,estimated,39294.56,,,,
2026-05-31,205761,18,,estimated,37919.25,,,,
2026-05-31,205761,19,,estimated,36592.08,,,,
2026-05-31,205761,20,,estimated,35311.36,,,,
2026-05-31,206361,1,,estimated,129629.8,,,,
2026-05-31,206361,2,,estimated,87149.95,,,,
2026-05-31,206361,3,,estimated,71806.99,,,,
2026-05-31,206361,4,,estimated,64290.72,,,,
2026-05-31,206361,5,,estimated,58578.69,,,,
2026-05-31,206361,6,,estimated,47518.89,,,,
2026-05-31,206361,7,,estimated,42091.77,,,,
2026-05-31,206361,8,,estimated,40618.55,,,,
2026-05-31,206361,9,,estimated,34325.66,,,,
2026-05-31,206361,10,,estimated,33124.27,,,,
2026-05-31,206361,11,,estimated,31365.76,,,,
2026-05-31,206361,12,,estimated,29219.11,,,,
2026-05-31,206361,13,,estimated,28196.45,,,,
2026-05-31,206361,14,,estimated,27209.57,,,,
2026-05-31,206361,15,,estimated,26088.78,,,,
2026-05-31,206361,16,,estimated,25175.67,,,,
2026-05-31,206361,17,,estimated,24161.33,,,,
2026-05-31,206361,18,,estimated,23315.68,,,,
2026-05-31,206361,19,,estimated,22106.02,,,,
2026-05-31,206361,20,,estimated,20516.89,,,,
2026-05-31,206363,1,,estimated,181434.95,,,,
2026-05-31,206363,2,,estimated,123478.0,,,,
2026-05-31,206363,3,,estimated,99939.29,,,,
2026-05-31,206363,4,,estimated,88350.09,,,,
2026-05-31,206363,5,,estimated,82684.87,,,,
2026-05-31,206363,6,,estimated,73265.57,,,,
2026-05-31,206363,7,,estimated,69696.42,,,,
2026-05-31,206363,8,,estimated,67257.05,,,,
2026-05-31,206363,9,,estimated,64903.05,,,,
2026-05-31,206363,10,,estimated,62631.45,,,,
2026-05-31,206363,11,,estimated,53687.01,,,,
2026-05-31,206363,12,,estimated,51807.97,,,,
2026-05-31,206363,13,,estimated,49994.69,,,,
2026-05-31,206363,14,,estimated,48244.87,,,,
2026-05-31,206363,15,,estimated,46556.3,,,,
2026-05-31,206363,16,,estimated,44926.83,,,,
2026-05-31,206363,17,,estimated,35998.21,,,,
2026-05-31,206363,18,,estimated,33780.13,,,,
2026-05-31,206363,19,,estimated,32597.82,,,,
2026-05-31,206363,20,,estimated,31398.03,,,,
2026-05-31,206440,1,,estimated,767257.3,,,,
2026-05-31,206440,2,,estimated,521827.76,,,,
2026-05-31,206440,3,,estimated,503563.79,,,,
2026-05-31,206440,4,,estimated,392639.61,,,,
2026-05-31,206440,5,,estimated,368022.99,,,,
2026-05-31,206440,6,,estimated,344753.77,,,,
2026-05-31,206440,7,,estimated,313720.02,,,,
2026-05-31,206440,8,,estimated,302739.82,,,,
2026-05-31,206440,9,,estimated,292143.92,,,,
2026-05-31,206440,10,,estimated,281918.89,,,,
2026-05-31,206440,11,,estimated,272051.73,,,,
2026-05-31,206440,12,,estimated,262529.91,,,,
2026-05-31,206440,13,,estimated,253341.37,,,,
2026-05-31,206440,14,,estimated,244474.42,,,,
2026-05-31,206440,15,,estimated,235917.82,,,,
2026-05-31,206440,16,,estimated,227660.69,,,,
2026-05-31,206440,17,,estimated,219692.57,,,,
2026-05-31,206440,18,,estimated,212003.33,,,,
2026-05-31,206440,19,,estimated,204583.21,,,,
2026-05-31,206440,20,,estimated,197422.8,,,,
2026-05-31,206471,1,,estimated,298275.74,,,,
2026-05-31,206471,2,,estimated,200336.87,,,,
2026-05-31,206471,3,,estimated,174151.95,,,,
2026-05-31,206471,4,,estimated,160420.07,,,,
2026-05-31,206471,5,,estimated,124901.15,,,,
2026-05-31,206471,6,,estimated,120529.61,,,,
2026-05-31,206471,7,,estimated,116311.07,,,,
2026-05-31,206471,8,,estimated,112240.18,,,,
2026-05-31,206471,9,,estimated,96270.8,,,,
2026-05-31,206471,10,,estimated,92901.32,,,,
2026-05-31,206471,11,,estimated,89649.78,,,,
2026-05-31,206471,12,,estimated,86512.03,,,,
2026-05-31,206471,13,,estimated,83484.11,,,,
2026-05-31,206471,14,,estimated,80562.17,,,,
2026-05-31,206471,15,,estimated,77742.49,,,,
2026-05-31,206471,16,,estimated,75021.51,,,,
2026-05-31,206471,17,,estimated,72395.75,,,,
2026-05-31,206471,18,,estimated,69861.9,,,,
2026-05-31,206471,19,,estimated,67416.73,,,,
2026-05-31,206471,20,,estimated,65057.15,,,,
2026-05-31,207288,1,,estimated,49380.82,,,,
2026-05-31,207288,2,,estimated,31207.61,,,,
2026-05-31,207288,3,,estimated,26757.85,,,,
2026-05-31,207288,4,,estimated,23570.36,,,,
2026-05-31,207288,5,,estimated,22745.39,,,,
2026-05-31,207288,6,,estimated,20407.92,,,,
2026-05-31,207288,7,,estimated,19693.64,,,,
2026-05-31,207288,8,,estimated,19004.37,,,,
2026-05-31,207288,9,,estimated,18284.51,,,,
2026-05-31,207288,10,,estimated,17644.55,,,,
2026-05-31,207288,11,,estimated,17026.99,,,,
2026-05-31,207288,12,,estimated,16431.05,,,,
2026-05-31,207288,13,,estimated,15855.96,,,,
2026-05-31,207288,14,,estimated,15301.0,,,,
2026-05-31,207288,15,,estimated,14765.47,,,,
2026-05-31,207288,16,,estimated,14248.68,,,,
2026-05-31,207288,17,,estimated,13749.97,,,,
2026-05-31,207288,18,,estimated,13268.72,,,,
2026-05-31,207288,19,,estimated,12804.32,,,,
2026-05-31,207288,20,,estimated,12356.17,,,,
2026-05-31,207774,1,,estimated,189307.57,,,,
2026-05-31,207774,2,,estimated,182681.8,,,,
2026-05-31,207774,3,,estimated,109447.96,,,,
2026-05-31,207774,4,,estimated,105617.28,,,,
2026-05-31,207774,5,,estimated,101920.68,,,,
2026-05-31,207774,6,,estimated,98353.45,,,,
2026-05-31,207774,7,,estimated,83883.22,,,,
2026-05-31,207774,8,,estimated,80947.3,,,,
2026-05-31,207774,9,,estimated,78114.15,,,,
2026-05-31,207774,10,,estimated,75380.15,,,,
2026-05-31,207774,11,,estimated,71397.59,,,,
2026-05-31,207774,12,,estimated,68898.68,,,,
2026-05-31,207774,13,,estimated,66487.22,,,,
2026-05-31,207774,14,,estimated,64160.17,,,,
2026-05-31,207774,15,,estimated,61914.56,,,,
2026-05-31,207774,16,,estimated,59747.55,,,,
2026-05-31,207774,17,,estimated,57656.39,,,,
2026-05-31,207774,18,,estimated,55638.42,,,,
2026-05-31,207774,19,,estimated,53691.07,,,,
2026-05-31,207774,20,,estimated,51811.88,,,,
2026-05-31,207802,1,,estimated,63274.98,,,,
2026-05-31,207802,2,,estimated,40178.12,,,,
2026-05-31,207802,3,,estimated,34401.44,,,,
2026-05-31,207802,4,,estimated,28588.11,,,,
2026-05-31,207802,5,,estimated,27420.46,,,,
2026-05-31,207802,6,,estimated,24820.24,,,,
2026-05-31,207802,7,,estimated,23684.59,,,,
2026-05-31,207802,8,,estimated,22855.63,,,,
2026-05-31,207802,9,,estimated,22055.68,,,,
2026-05-31,207802,10,,estimated,21283.73,,,,
2026-05-31,207802,11,,estimated,20538.8,,,,
2026-05-31,207802,12,,estimated,19819.94,,,,
2026-05-31,207802,13,,estimated,19126.25,,,,
2026-05-31,207802,14,,estimated,18456.83,,,,
2026-05-31,207802,15,,estimated,17121.81,,,,
2026-05-31,207802,16,,estimated,16522.55,,,,
2026-05-31,207802,17,,estimated,15944.26,,,,
2026-05-31,207802,18,,estimated,15386.21,,,,
2026-05-31,207802,19,,estimated,14847.69,,,,
2026-05-31,207802,20,,estimated,14328.03,,,,
2026-05-31,207966,1,,estimated,188259.34,,,,
2026-05-31,207966,2,,estimated,134509.71,,,,
2026-05-31,207966,3,,estimated,114411.68,,,,
2026-05-31,207966,4,,estimated,103633.75,,,,
2026-05-31,207966,5,,estimated,90952.93,,,,
2026-05-31,207966,6,,estimated,86163.41,,,,
2026-05-31,207966,7,,estimated,81227.87,,,,
2026-05-31,207966,8,,estimated,78384.9,,,,
2026-05-31,207966,9,,estimated,73730.04,,,,
2026-05-31,207966,10,,estimated,71149.48,,,,
2026-05-31,207966,11,,estimated,68659.25,,,,
2026-05-31,207966,12,,estimated,66256.18,,,,
2026-05-31,207966,13,,estimated,63937.21,,,,
2026-05-31,207966,14,,estimated,61699.41,,,,
2026-05-31,207966,15,,estimated,59539.93,,,,
2026-05-31,207966,16,,estimated,57456.03,,,,
2026-05-31,207966,17,,estimated,55445.07,,,,
2026-05-31,207966,18,,estimated,53504.49,,,,
2026-05-31,207966,19,,estimated,51631.84,,,,
2026-05-31,207966,20,,estimated,49824.72,,,,
2026-05-31,208532,1,,estimated,238932.54,,,,
2026-05-31,208532,2,,estimated,123218.35,,,,
2026-05-31,208532,3,,estimated,84604.7,,,,
2026-05-31,208532,4,,estimated,65487.27,,,,
2026-05-31,208532,5,,estimated,53741.29,,,,
2026-05-31,208532,6,,estimated,45679.72,,,,
2026-05-31,208532,7,,estimated,40034.91,,,,
2026-05-31,208532,8,,estimated,35851.97,,,,
2026-05-31,208532,9,,estimated,32013.31,,,,
2026-05-31,208532,10,,estimated,29727.74,,,,
2026-05-31,208532,11,,estimated,27035.23,,,,
2026-05-31,208532,12,,estimated,25090.27,,,,
2026-05-31,208532,13,,estimated,23618.15,,,,
2026-05-31,208532,14,,estimated,22367.48,,,,
2026-05-31,208532,15,,estimated,21313.72,,,,
2026-05-31,208532,16,,estimated,20205.34,,,,
2026-05-31,208532,17,,estimated,19188.32,,,,
2026-05-31,208532,18,,estimated,18516.73,,,,
2026-05-31,208532,19,,estimated,17509.79,,,,
2026-05-31,208532,20,,estimated,16751.47,,,,
2026-05-31,210022,1,,estimated,188227.88,,,,
2026-05-31,210022,2,,estimated,137977.82,,,,
2026-05-31,210022,3,,estimated,118281.04,,,,
2026-05-31,210022,4,,estimated,100766.5,,,,
2026-05-31,210022,5,,estimated,97239.67,,,,
2026-05-31,210022,6,,estimated,88108.14,,,,
2026-05-31,210022,7,,estimated,84617.14,,,,
2026-05-31,210022,8,,estimated,81655.54,,,,
2026-05-31,210022,9,,estimated,78797.6,,,,
2026-05-31,210022,10,,estimated,76039.68,,,,
2026-05-31,210022,11,,estimated,73378.29,,,,
2026-05-31,210022,12,,estimated,70810.05,,,,
2026-05-31,210022,13,,estimated,68331.7,,,,
2026-05-31,210022,14,,estimated,65940.09,,,,
2026-05-31,210022,15,,estimated,63632.19,,,,
2026-05-31,210022,16,,estimated,61405.06,,,,
2026-05-31,210022,17,,estimated,59255.88,,,,
2026-05-31,210022,18,,estimated,57181.93,,,,
2026-05-31,210022,19,,estimated,55180.56,,,,
2026-05-31,210022,20,,estimated,53249.24,,,,
2026-05-31,210413,1,,estimated,127012.84,,,,
2026-05-31,210413,2,,estimated,82690.74,,,,
2026-05-31,210413,3,,estimated,71033.47,,,,
2026-05-31,210413,4,,estimated,56387.81,,,,
2026-05-31,210413,5,,estimated,54414.24,,,,
2026-05-31,210413,6,,estimated,46730.13,,,,
2026-05-31,210413,7,,estimated,43831.08,,,,
2026-05-31,210413,8,,estimated,42296.99,,,,
2026-05-31,210413,9,,estimated,40816.6,,,,
2026-05-31,210413,10,,estimated,39388.02,,,,
2026-05-31,210413,11,,estimated,38009.44,,,,
2026-05-31,210413,12,,estimated,36679.11,,,,
2026-05-31,210413,13,,estimated,35395.34,,,,
2026-05-31,210413,14,,estimated,34156.5,,,,
2026-05-31,210413,15,,estimated,32961.02,,,,
2026-05-31,210413,16,,estimated,31807.39,,,,
2026-05-31,210413,17,,estimated,30694.13,,,,
2026-05-31,210413,18,,estimated,29619.83,,,,
2026-05-31,210413,19,,estimated,28583.14,,,,
2026-05-31,210413,20,,estimated,27582.73,,,,
2026-05-31,212377,1,,estimated,352424.3,,,,
2026-05-31,212377,2,,estimated,186902.09,,,,
2026-05-31,212377,3,,estimated,143511.49,,,,
2026-05-31,212377,4,,estimated,95358.92,,,,
2026-05-31,212377,5,,estimated,77604.76,,,,
2026-05-31,212377,6,,estimated,66129.08,,,,
2026-05-31,212377,7,,estimated,58393.0,,,,
2026-05-31,212377,8,,estimated,51578.03,,,,
2026-05-31,212377,9,,estimated,49772.8,,,,
2026-05-31,212377,10,,estimated,42526.7,,,,
2026-05-31,212377,11,,estimated,38943.98,,,,
2026-05-31,212377,12,,estimated,35901.54,,,,
2026-05-31,212377,13,,estimated,33369.18,,,,
2026-05-31,212377,14,,estimated,32201.26,,,,
2026-05-31,212377,15,,estimated,30452.17,,,,
2026-05-31,212377,16,,estimated,28587.02,,,,
2026-05-31,212377,17,,estimated,27153.15,,,,
2026-05-31,212377,18,,estimated,25131.35,,,,
2026-05-31,212377,19,,estimated,24251.76,,,,
2026-05-31,212377,20,,estimated,23359.52,,,,
2026-05-31,214099,1,,estimated,72568.71,,,,
2026-05-31,214099,2,,estimated,46044.1,,,,
2026-05-31,214099,3,,estimated,35132.64,,,,
2026-05-31,214099,4,,estimated,33903.0,,,,
2026-05-31,214099,5,,estimated,30091.64,,,,
2026-05-31,214099,6,,estimated,29038.43,,,,
2026-05-31,214099,7,,estimated,28022.09,,,,
2026-05-31,214099,8,,estimated,27041.31,,,,
2026-05-31,214099,9,,estimated,25048.21,,,,
2026-05-31,214099,10,,estimated,24171.52,,,,
2026-05-31,214099,11,,estimated,23325.52,,,,
2026-05-31,214099,12,,estimated,22509.12,,,,
2026-05-31,214099,13,,estimated,21721.31,,,,
2026-05-31,214099,14,,estimated,20961.06,,,,
2026-05-31,214099,15,,estimated,20227.42,,,,
2026-05-31,214099,16,,estimated,19519.46,,,,
2026-05-31,214099,17,,estimated,18836.28,,,,
2026-05-31,214099,18,,estimated,18177.01,,,,
2026-05-31,214099,19,,estimated,17540.82,,,,
2026-05-31,214099,20,,estimated,16926.89,,,,
2026-05-31,214104,1,,estimated,74659.76,,,,
2026-05-31,214104,2,,estimated,53898.17,,,,
2026-05-31,214104,3,,estimated,52011.73,,,,
2026-05-31,214104,4,,estimated,50191.32,,,,
2026-05-31,214104,5,,estimated,38601.41,,,,
2026-05-31,214104,6,,estimated,37250.36,,,,
2026-05-31,214104,7,,estimated,30536.41,,,,
2026-05-31,214104,8,,estimated,29467.64,,,,
2026-05-31,214104,9,,estimated,27877.17,,,,
2026-05-31,214104,10,,estimated,26901.47,,,,
2026-05-31,214104,11,,estimated,24824.09,,,,
2026-05-31,214104,12,,estimated,23955.25,,,,
2026-05-31,214104,13,,estimated,23116.82,,,,
2026-05-31,214104,14,,estimated,22307.73,,,,
2026-05-31,214104,15,,estimated,21526.96,,,,
2026-05-31,214104,16,,estimated,20773.51,,,,
2026-05-31,214104,17,,estimated,20046.44,,,,
2026-05-31,214104,18,,estimated,19344.82,,,,
2026-05-31,214104,19,,estimated,18667.75,,,,
2026-05-31,214104,20,,estimated,18014.38,,,,
2026-05-31,214781,1,,estimated,95103.48,,,,
2026-05-31,214781,2,,estimated,77862.39,,,,
2026-05-31,214781,3,,estimated,59339.65,,,,
2026-05-31,214781,4,,estimated,56459.4,,,,
2026-05-31,214781,5,,estimated,53418.58,,,,
2026-05-31,214781,6,,estimated,49755.61,,,,
2026-05-31,214781,7,,estimated,46934.88,,,,
2026-05-31,214781,8,,estimated,45292.16,,,,
2026-05-31,214781,9,,estimated,43706.94,,,,
2026-05-31,214781,10,,estimated,42177.19,,,,
2026-05-31,214781,11,,estimated,40700.99,,,,
2026-05-31,214781,12,,estimated,39276.46,,,,
2026-05-31,214781,13,,estimated,37901.78,,,,
2026-05-31,214781,14,,estimated,36575.22,,,,
2026-05-31,214781,15,,estimated,35295.09,,,,
2026-05-31,214781,16,,estimated,34059.76,,,,
2026-05-31,214781,17,,estimated,32867.67,,,,
2026-05-31,214781,18,,estimated,31717.3,,,,
2026-05-31,214781,19,,estimated,30607.19,,,,
2026-05-31,214781,20,,estimated,29535.94,,,,
2026-05-31,215430,1,,estimated,201053.2,,,,
2026-05-31,215430,2,,estimated,132900.87,,,,
2026-05-31,215430,3,,estimated,111309.79,,,,
2026-05-31,215430,4,,estimated,101967.55,,,,
2026-05-31,215430,5,,estimated,89578.39,,,,
2026-05-31,215430,6,,estimated,84855.37,,,,
2026-05-31,215430,7,,estimated,81885.44,,,,
2026-05-31,215430,8,,estimated,79019.45,,,,
2026-05-31,215430,9,,estimated,76253.77,,,,
2026-05-31,215430,10,,estimated,73584.88,,,,
2026-05-31,215430,11,,estimated,71009.41,,,,
2026-05-31,215430,12,,estimated,68524.08,,,,
2026-05-31,215430,13,,estimated,66125.74,,,,
2026-05-31,215430,14,,estimated,63811.34,,,,
2026-05-31,215430,15,,estimated,61577.94,,,,
2026-05-31,215430,16,,estimated,59422.71,,,,
2026-05-31,215430,17,,estimated,57342.92,,,,
2026-05-31,215430,18,,estimated,55335.92,,,,
2026-05-31,215430,19,,estimated,53399.16,,,,
2026-05-31,215430,20,,estimated,51530.19,,,,
2026-05-31,215913,1,,estimated,100073.46,,,,
2026-05-31,215913,2,,estimated,69752.85,,,,
2026-05-31,215913,3,,estimated,57507.6,,,,
2026-05-31,215913,4,,estimated,52266.87,,,,
2026-05-31,215913,5,,estimated,48855.68,,,,
2026-05-31,215913,6,,estimated,43405.67,,,,
2026-05-31,215913,7,,estimated,41886.47,,,,
2026-05-31,215913,8,,estimated,40420.44,,,,
2026-05-31,215913,9,,estimated,38380.03,,,,
2026-05-31,215913,10,,estimated,36849.76,,,,
2026-05-31,215913,11,,estimated,35560.02,,,,
2026-05-31,215913,12,,estimated,33418.56,,,,
2026-05-31,215913,13,,estimated,32248.91,,,,
2026-05-31,215913,14,,estimated,31120.2,,,,
2026-05-31,215913,15,,estimated,30030.99,,,,
2026-05-31,215913,16,,estimated,28979.91,,,,
2026-05-31,215913,17,,estimated,27965.61,,,,
2026-05-31,215913,18,,estimated,26986.82,,,,
2026-05-31,215913,19,,estimated,26042.28,,,,
2026-05-31,215913,20,,estimated,25130.8,,,,
2026-05-31,216158,1,,estimated,92397.48,,,,
2026-05-31,216158,2,,estimated,64756.22,,,,
2026-05-31,216158,3,,estimated,55484.32,,,,
2026-05-31,216158,4,,estimated,50008.98,,,,
2026-05-31,216158,5,,estimated,46283.77,,,,
2026-05-31,216158,6,,estimated,44663.84,,,,
2026-05-31,216158,7,,estimated,41359.88,,,,
2026-05-31,216158,8,,estimated,39382.32,,,,
2026-05-31,216158,9,,estimated,38003.94,,,,
2026-05-31,216158,10,,estimated,36673.81,,,,
2026-05-31,216158,11,,estimated,35390.22,,,,
2026-05-31,216158,12,,estimated,34151.56,,,,
2026-05-31,216158,13,,estimated,32956.26,,,,
2026-05-31,216158,14,,estimated,31802.79,,,,
2026-05-31,216158,15,,estimated,30689.69,,,,
2026-05-31,216158,16,,estimated,29615.55,,,,
2026-05-31,216158,17,,estimated,28579.01,,,,
2026-05-31,216158,18,,estimated,27578.74,,,,
2026-05-31,216158,19,,estimated,26613.49,,,,
2026-05-31,216158,20,,estimated,19698.08,,,,
2026-05-31,216173,1,,estimated,106771.28,,,,
2026-05-31,216173,2,,estimated,74095.55,,,,
2026-05-31,216173,3,,estimated,61672.62,,,,
2026-05-31,216173,4,,estimated,54369.99,,,,
2026-05-31,216173,5,,estimated,51287.24,,,,
2026-05-31,216173,6,,estimated,46880.58,,,,
2026-05-31,216173,7,,estimated,44072.62,,,,
2026-05-31,216173,8,,estimated,42530.08,,,,
2026-05-31,216173,9,,estimated,38594.49,,,,
2026-05-31,216173,10,,estimated,34714.73,,,,
2026-05-31,216173,11,,estimated,31609.13,,,,
2026-05-31,216173,12,,estimated,30036.2,,,,
2026-05-31,216173,13,,estimated,27724.88,,,,
2026-05-31,216173,14,,estimated,26062.86,,,,
2026-05-31,216173,15,,estimated,25150.66,,,,
2026-05-31,216173,16,,estimated,24270.38,,,,
2026-05-31,216173,17,,estimated,22640.39,,,,
2026-05-31,216173,18,,estimated,21847.98,,,,
2026-05-31,216173,19,,estimated,21083.3,,,,
2026-05-31,216173,20,,estimated,20217.74,,,,
2026-05-31,216424,1,,estimated,274527.86,,,,
2026-05-31,216424,2,,estimated,159905.69,,,,
2026-05-31,216424,3,,estimated,137274.61,,,,
2026-05-31,216424,4,,estimated,132470.0,,,,
2026-05-31,216424,5,,estimated,101446.25,,,,
2026-05-31,216424,6,,estimated,97895.63,,,,
2026-05-31,216424,7,,estimated,91852.02,,,,
2026-05-31,216424,8,,estimated,86432.63,,,,
2026-05-31,216424,9,,estimated,83407.49,,,,
2026-05-31,216424,10,,estimated,80339.67,,,,
2026-05-31,216424,11,,estimated,76694.83,,,,
2026-05-31,216424,12,,estimated,74010.51,,,,
2026-05-31,216424,13,,estimated,71420.15,,,,
2026-05-31,216424,14,,estimated,68920.44,,,,
2026-05-31,216424,15,,estimated,66508.23,,,,
2026-05-31,216424,16,,estimated,64180.44,,,,
2026-05-31,216424,17,,estimated,61934.12,,,,
2026-05-31,216424,18,,estimated,59766.43,,,,
2026-05-31,216424,19,,estimated,57674.6,,,,
2026-05-31,216424,20,,estimated,55655.99,,,,
2026-05-31,301577,1,,estimated,300741.67,,,,
2026-05-31,301577,2,,estimated,206842.58,,,,
2026-05-31,301577,3,,estimated,175488.68,,,,
2026-05-31,301577,4,,estimated,160462.03,,,,
2026-05-31,301577,5,,estimated,152756.46,,,,
2026-05-31,301577,6,,estimated,147409.99,,,,
2026-05-31,301577,7,,estimated,137745.89,,,,
2026-05-31,301577,8,,estimated,132924.78,,,,
2026-05-31,301577,9,,estimated,117000.03,,,,
2026-05-31,301577,10,,estimated,112905.03,,,,
2026-05-31,301577,11,,estimated,108953.35,,,,
2026-05-31,301577,12,,estimated,105139.99,,,,
2026-05-31,301577,13,,estimated,101460.09,,,,
2026-05-31,301577,14,,estimated,97908.98,,,,
2026-05-31,301577,15,,estimated,94482.17,,,,
2026-05-31,301577,16,,estimated,91175.29,,,,
2026-05-31,301577,17,,estimated,87984.16,,,,
2026-05-31,301577,18,,estimated,84904.71,,,,
2026-05-31,301577,19,,estimated,81933.05,,,,
2026-05-31,301577,20,,estimated,79065.39,,,,
2026-05-31,304080,1,,estimated,134922.54,,,,
2026-05-31,304080,2,,estimated,97512.74,,,,
2026-05-31,304080,3,,estimated,80264.19,,,,
2026-05-31,304080,4,,estimated,66372.0,,,,
2026-05-31,304080,5,,estimated,61683.82,,,,
2026-05-31,304080,6,,estimated,58888.47,,,,
2026-05-31,304080,7,,estimated,55633.16,,,,
2026-05-31,304080,8,,estimated,53143.25,,,,
2026-05-31,304080,9,,estimated,51283.24,,,,
2026-05-31,304080,10,,estimated,49488.32,,,,
2026-05-31,304080,11,,estimated,47756.23,,,,
2026-05-31,304080,12,,estimated,46084.76,,,,
2026-05-31,304080,13,,estimated,44471.8,,,,
2026-05-31,304080,14,,estimated,42915.28,,,,
2026-05-31,304080,15,,estimated,41413.25,,,,
2026-05-31,304080,16,,estimated,39963.79,,,,
2026-05-31,304080,17,,estimated,38565.05,,,,
2026-05-31,304080,18,,estimated,37215.28,,,,
2026-05-31,304080,19,,estimated,35912.74,,,,
2026-05-31,304080,20,,estimated,34655.8,,,,
2026-05-31,304763,1,,estimated,90307.63,,,,
2026-05-31,304763,2,,estimated,46235.14,,,,
2026-05-31,304763,3,,estimated,31190.81,,,,
2026-05-31,304763,4,,estimated,24810.69,,,,
2026-05-31,304763,5,,estimated,21150.26,,,,
2026-05-31,304763,6,,estimated,18246.88,,,,
2026-05-31,304763,7,,estimated,15853.09,,,,
2026-05-31,304763,8,,estimated,13669.67,,,,
2026-05-31,304763,9,,estimated,12272.05,,,,
2026-05-31,304763,10,,estimated,11129.94,,,,
2026-05-31,304763,11,,estimated,10083.09,,,,
2026-05-31,304763,12,,estimated,9484.53,,,,
2026-05-31,304763,13,,estimated,8165.94,,,,
2026-05-31,304763,14,,estimated,7793.84,,,,
2026-05-31,304763,15,,estimated,7273.75,,,,
2026-05-31,304763,16,,estimated,6417.13,,,,
2026-05-31,304763,17,,estimated,6184.91,,,,
2026-05-31,304763,18,,estimated,5709.12,,,,
2026-05-31,304763,19,,estimated,5495.85,,,,
2026-05-31,304763,20,,estimated,5121.0,,,,
2026-05-31,401131,1,,estimated,52131.88,,,,
2026-05-31,401131,2,,estimated,33843.41,,,,
2026-05-31,401131,3,,estimated,29465.99,,,,
2026-05-31,401131,4,,estimated,26701.19,,,,
2026-05-31,401131,5,,estimated,24603.95,,,,
2026-05-31,401131,6,,estimated,22881.97,,,,
2026-05-31,401131,7,,estimated,19430.16,,,,
2026-05-31,401131,8,,estimated,18628.06,,,,
2026-05-31,401131,9,,estimated,17976.08,,,,
2026-05-31,401131,10,,estimated,15801.44,,,,
2026-05-31,401131,11,,estimated,14418.22,,,,
2026-05-31,401131,12,,estimated,13814.77,,,,
2026-05-31,401131,13,,estimated,13331.25,,,,
2026-05-31,401131,14,,estimated,12864.66,,,,
2026-05-31,401131,15,,estimated,12414.4,,,,
2026-05-31,401131,16,,estimated,11979.89,,,,
2026-05-31,401131,17,,estimated,11560.6,,,,
2026-05-31,401131,18,,estimated,11155.98,,,,
2026-05-31,401131,19,,estimated,10765.52,,,,
2026-05-31,401131,20,,estimated,10388.72,,,,
2026-05-31,401534,1,,estimated,82895.99,,,,
2026-05-31,401534,2,,estimated,60399.93,,,,
2026-05-31,401534,3,,estimated,50836.75,,,,
2026-05-31,401534,4,,estimated,46136.73,,,,
2026-05-31,401534,5,,estimated,43934.64,,,,
2026-05-31,401534,6,,estimated,41132.84,,,,
2026-05-31,401534,7,,estimated,39693.19,,,,
2026-05-31,401534,8,,estimated,36641.05,,,,
2026-05-31,401534,9,,estimated,34658.24,,,,
2026-05-31,401534,10,,estimated,33445.21,,,,
2026-05-31,401534,11,,estimated,32274.62,,,,
2026-05-31,401534,12,,estimated,31145.01,,,,
2026-05-31,401534,13,,estimated,30054.94,,,,
2026-05-31,401534,14,,estimated,29003.01,,,,
2026-05-31,401534,15,,estimated,27987.91,,,,
2026-05-31,401534,16,,estimated,27008.33,,,,
2026-05-31,401534,17,,estimated,26063.04,,,,
2026-05-31,401534,18,,estimated,25150.83,,,,
2026-05-31,401534,19,,estimated,24270.55,,,,
2026-05-31,401534,20,,estimated,23421.08,,,,
2026-05-31,402018,1,,estimated,173521.04,,,,
2026-05-31,402018,2,,estimated,126410.99,,,,
2026-05-31,402018,3,,estimated,100666.81,,,,
2026-05-31,402018,4,,estimated,83111.93,,,,
2026-05-31,402018,5,,estimated,67647.36,,,,
2026-05-31,402018,6,,estimated,59022.59,,,,
2026-05-31,402018,7,,estimated,54943.9,,,,
2026-05-31,402018,8,,estimated,51110.71,,,,
2026-05-31,402018,9,,estimated,49321.84,,,,
2026-05-31,402018,10,,estimated,41085.63,,,,
2026-05-31,402018,11,,estimated,39647.63,,,,
2026-05-31,402018,12,,estimated,38259.96,,,,
2026-05-31,402018,13,,estimated,36920.87,,,,
2026-05-31,402018,14,,estimated,35628.63,,,,
2026-05-31,402018,15,,estimated,34381.63,,,,
2026-05-31,402018,16,,estimated,33178.28,,,,
2026-05-31,402018,17,,estimated,32017.04,,,,
2026-05-31,402018,18,,estimated,30896.44,,,,
2026-05-31,402018,19,,estimated,29815.06,,,,
2026-05-31,402018,20,,estimated,28628.67,,,,
2026-05-31,402279,1,,estimated,108292.73,,,,
2026-05-31,402279,2,,estimated,73521.49,,,,
2026-05-31,402279,3,,estimated,61005.31,,,,
2026-05-31,402279,4,,estimated,58577.26,,,,
2026-05-31,402279,5,,estimated,52007.34,,,,
2026-05-31,402279,6,,estimated,49369.91,,,,
2026-05-31,402279,7,,estimated,47641.96,,,,
2026-05-31,402279,8,,estimated,45974.49,,,,
2026-05-31,402279,9,,estimated,44365.39,,,,
2026-05-31,402279,10,,estimated,42812.6,,,,
2026-05-31,402279,11,,estimated,41314.16,,,,
2026-05-31,402279,12,,estimated,39868.16,,,,
2026-05-31,402279,13,,estimated,38472.78,,,,
2026-05-31,402279,14,,estimated,37126.23,,,,
2026-05-31,402279,15,,estimated,35826.81,,,,
2026-05-31,402279,16,,estimated,34572.87,,,,
2026-05-31,402279,17,,estimated,33362.82,,,,
2026-05-31,402279,18,,estimated,32195.12,,,,
2026-05-31,402279,19,,estimated,31068.29,,,,
2026-05-31,402279,20,,estimated,29980.9,,,,
2026-05-31,407120,1,,estimated,91716.93,,,,
2026-05-31,407120,2,,estimated,62799.34,,,,
2026-05-31,407120,3,,estimated,51420.3,,,,
2026-05-31,407120,4,,estimated,46031.7,,,,
2026-05-31,407120,5,,estimated,41517.23,,,,
2026-05-31,407120,6,,estimated,37448.78,,,,
2026-05-31,407120,7,,estimated,32907.03,,,,
2026-05-31,407120,8,,estimated,31755.28,,,,
2026-05-31,407120,9,,estimated,26682.84,,,,
2026-05-31,407120,10,,estimated,25585.23,,,,
2026-05-31,407120,11,,estimated,24689.74,,,,
2026-05-31,407120,12,,estimated,22757.89,,,,
2026-05-31,407120,13,,estimated,21094.85,,,,
2026-05-31,407120,14,,estimated,20356.53,,,,
2026-05-31,407120,15,,estimated,19644.05,,,,
2026-05-31,407120,16,,estimated,18956.51,,,,
2026-05-31,407120,17,,estimated,18293.03,,,,
2026-05-31,407120,18,,estimated,17652.78,,,,
2026-05-31,407120,19,,estimated,17034.93,,,,
2026-05-31,407120,20,,estimated,16286.97,,,,
2026-05-31,408789,1,,estimated,52835.49,,,,
2026-05-31,408789,2,,estimated,32760.68,,,,
2026-05-31,408789,3,,estimated,28384.54,,,,
2026-05-31,408789,4,,estimated,24868.8,,,,
2026-05-31,408789,5,,estimated,23540.75,,,,
2026-05-31,408789,6,,estimated,21586.07,,,,
2026-05-31,408789,7,,estimated,20830.56,,,,
2026-05-31,408789,8,,estimated,20101.49,,,,
2026-05-31,408789,9,,estimated,19397.93,,,,
2026-05-31,408789,10,,estimated,18719.01,,,,
2026-05-31,408789,11,,estimated,18063.84,,,,
2026-05-31,408789,12,,estimated,17431.61,,,,
2026-05-31,408789,13,,estimated,16821.5,,,,
2026-05-31,408789,14,,estimated,16232.75,,,,
2026-05-31,408789,15,,estimated,15664.6,,,,
2026-05-31,408789,16,,estimated,15116.34,,,,
2026-05-31,408789,17,,estimated,14587.27,,,,
2026-05-31,408789,18,,estimated,14076.71,,,,
2026-05-31,408789,19,,estimated,13584.03,,,,
2026-05-31,408789,20,,estimated,13108.59,,,,
2026-05-31,501098,1,,estimated,231192.54,,,,
2026-05-31,501098,2,,estimated,119357.1,,,,
2026-05-31,501098,3,,estimated,82138.67,,,,
2026-05-31,501098,4,,estimated,63699.52,,,,
2026-05-31,501098,5,,estimated,52252.33,,,,
2026-05-31,501098,6,,estimated,44371.63,,,,
2026-05-31,501098,7,,estimated,38566.62,,,,
2026-05-31,501098,8,,estimated,34878.46,,,,
2026-05-31,501098,9,,estimated,31326.2,,,,
2026-05-31,501098,10,,estimated,28721.26,,,,
2026-05-31,501098,11,,estimated,26366.89,,,,
2026-05-31,501098,12,,estimated,24486.1,,,,
2026-05-31,501098,13,,estimated,23546.35,,,,
2026-05-31,501098,14,,estimated,20744.28,,,,
2026-05-31,501098,15,,estimated,19596.1,,,,
2026-05-31,501098,16,,estimated,18387.5,,,,
2026-05-31,501098,17,,estimated,17743.94,,,,
2026-05-31,501098,18,,estimated,16968.07,,,,
2026-05-31,501098,19,,estimated,16167.26,,,,
2026-05-31,501098,20,,estimated,15601.41,,,,
2026-05-31,502221,1,,estimated,121530.93,,,,
2026-05-31,502221,2,,estimated,77127.52,,,,
2026-05-31,502221,3,,estimated,72183.65,,,,
2026-05-31,502221,4,,estimated,61648.45,,,,
2026-05-31,502221,5,,estimated,54982.39,,,,
2026-05-31,502221,6,,estimated,53058.01,,,,
2026-05-31,502221,7,,estimated,50740.13,,,,
2026-05-31,502221,8,,estimated,48108.2,,,,
2026-05-31,502221,9,,estimated,45914.28,,,,
2026-05-31,502221,10,,estimated,44307.28,,,,
2026-05-31,502221,11,,estimated,42756.53,,,,
2026-05-31,502221,12,,estimated,41260.05,,,,
2026-05-31,502221,13,,estimated,39815.95,,,,
2026-05-31,502221,14,,estimated,38422.39,,,,
2026-05-31,502221,15,,estimated,37077.61,,,,
2026-05-31,502221,16,,estimated,35779.89,,,,
2026-05-31,502221,17,,estimated,34527.59,,,,
2026-05-31,502221,18,,estimated,33319.13,,,,
2026-05-31,502221,19,,estimated,32152.96,,,,
2026-05-31,502221,20,,estimated,31027.61,,,,
2026-05-31,502280,1,,estimated,96693.38,,,,
2026-05-31,502280,2,,estimated,71148.01,,,,
2026-05-31,502280,3,,estimated,59702.83,,,,
2026-05-31,502280,4,,estimated,55056.67,,,,
2026-05-31,502280,5,,estimated,49778.97,,,,
2026-05-31,502280,6,,estimated,46963.55,,,,
2026-05-31,502280,7,,estimated,45319.83,,,,
2026-05-31,502280,8,,estimated,43733.63,,,,
2026-05-31,502280,9,,estimated,42202.95,,,,
2026-05-31,502280,10,,estimated,40725.85,,,,
2026-05-31,502280,11,,estimated,39300.45,,,,
2026-05-31,502280,12,,estimated,37924.93,,,,
2026-05-31,502280,13,,estimated,36597.56,,,,
2026-05-31,502280,14,,estimated,35316.64,,,,
2026-05-31,502280,15,,estimated,34080.56,,,,
2026-05-31,502280,16,,estimated,32887.74,,,,
2026-05-31,502280,17,,estimated,31736.67,,,,
2026-05-31,502280,18,,estimated,30625.89,,,,
2026-05-31,502280,19,,estimated,29553.98,,,,
2026-05-31,502280,20,,estimated,28519.59,,,,
2026-05-31,502835,1,,estimated,288156.18,,,,
2026-05-31,502835,2,,estimated,197808.89,,,,
2026-05-31,502835,3,,estimated,190885.58,,,,
2026-05-31,502835,4,,estimated,153289.57,,,,
2026-05-31,502835,5,,estimated,147924.44,,,,
2026-05-31,502835,6,,estimated,142747.08,,,,
2026-05-31,502835,7,,estimated,137750.94,,,,
2026-05-31,502835,8,,estimated,132929.65,,,,
2026-05-31,502835,9,,estimated,127048.5,,,,
2026-05-31,502835,10,,estimated,122601.8,,,,
2026-05-31,502835,11,,estimated,118310.74,,,,
2026-05-31,502835,12,,estimated,114169.86,,,,
2026-05-31,502835,13,,estimated,110173.92,,,,
2026-05-31,502835,14,,estimated,106317.83,,,,
2026-05-31,502835,15,,estimated,102596.7,,,,
2026-05-31,502835,16,,estimated,99005.82,,,,
2026-05-31,502835,17,,estimated,95540.62,,,,
2026-05-31,502835,18,,estimated,92196.69,,,,
2026-05-31,502835,19,,estimated,88969.81,,,,
2026-05-31,502835,20,,estimated,85855.87,,,,
2026-05-31,506012,1,,estimated,96839.4,,,,
2026-05-31,506012,2,,estimated,68841.34,,,,
2026-05-31,506012,3,,estimated,59459.64,,,,
2026-05-31,506012,4,,estimated,57378.56,,,,
2026-05-31,506012,5,,estimated,55370.31,,,,
2026-05-31,506012,6,,estimated,53432.35,,,,
2026-05-31,506012,7,,estimated,51562.21,,,,
2026-05-31,506012,8,,estimated,49757.54,,,,
2026-05-31,506012,9,,estimated,47200.75,,,,
2026-05-31,506012,10,,estimated,45548.72,,,,
2026-05-31,506012,11,,estimated,43897.41,,,,
2026-05-31,506012,12,,estimated,41273.58,,,,
2026-05-31,506012,13,,estimated,39825.79,,,,
2026-05-31,506012,14,,estimated,38431.88,,,,
2026-05-31,506012,15,,estimated,37086.77,,,,
2026-05-31,506012,16,,estimated,35788.73,,,,
2026-05-31,506012,17,,estimated,34536.12,,,,
2026-05-31,506012,18,,estimated,33327.36,,,,
2026-05-31,506012,19,,estimated,32160.9,,,,
2026-05-31,506012,20,,estimated,31035.27,,,,
2026-05-31,506536,1,,estimated,177638.14,,,,
2026-05-31,506536,2,,estimated,123237.94,,,,
2026-05-31,506536,3,,estimated,105057.53,,,,
2026-05-31,506536,4,,estimated,96697.86,,,,
2026-05-31,506536,5,,estimated,93313.43,,,,
2026-05-31,506536,6,,estimated,86159.68,,,,
2026-05-31,506536,7,,estimated,83144.09,,,,
2026-05-31,506536,8,,estimated,80196.18,,,,
2026-05-31,506536,9,,estimated,77389.32,,,,
2026-05-31,506536,10,,estimated,74680.69,,,,
2026-05-31,506536,11,,estimated,72066.87,,,,
2026-05-31,506536,12,,estimated,69544.53,,,,
2026-05-31,506536,13,,estimated,67110.47,,,,
2026-05-31,506536,14,,estimated,64761.6,,,,
2026-05-31,506536,15,,estimated,62494.94,,,,
2026-05-31,506536,16,,estimated,60307.62,,,,
2026-05-31,506536,17,,estimated,58196.85,,,,
2026-05-31,506536,18,,estimated,56159.96,,,,
2026-05-31,506536,19,,estimated,54194.37,,,,
2026-05-31,506536,20,,estimated,52297.56,,,,
2026-05-31,506539,1,,estimated,258350.12,,,,
2026-05-31,506539,2,,estimated,175845.79,,,,
2026-05-31,506539,3,,estimated,147210.57,,,,
2026-05-31,506539,4,,estimated,130438.42,,,,
2026-05-31,506539,5,,estimated,109269.49,,,,
2026-05-31,506539,6,,estimated,98447.81,,,,
2026-05-31,506539,7,,estimated,92049.11,,,,
2026-05-31,506539,8,,estimated,88827.39,,,,
2026-05-31,506539,9,,estimated,85560.9,,,,
2026-05-31,506539,10,,estimated,80024.21,,,,
2026-05-31,506539,11,,estimated,76050.83,,,,
2026-05-31,506539,12,,estimated,73389.05,,,,
2026-05-31,506539,13,,estimated,70820.43,,,,
2026-05-31,506539,14,,estimated,68341.72,,,,
2026-05-31,506539,15,,estimated,65949.76,,,,
2026-05-31,506539,16,,estimated,63641.51,,,,
2026-05-31,506539,17,,estimated,61414.06,,,,
2026-05-31,506539,18,,estimated,59264.57,,,,
2026-05-31,506539,19,,estimated,57190.31,,,,
2026-05-31,506539,20,,estimated,55188.65,,,,
2026-05-31,507515,1,,estimated,156705.28,,,,
2026-05-31,507515,2,,estimated,107412.75,,,,
2026-05-31,507515,3,,estimated,84692.66,,,,
2026-05-31,507515,4,,estimated,73761.48,,,,
2026-05-31,507515,5,,estimated,66617.55,,,,
2026-05-31,507515,6,,estimated,59499.44,,,,
2026-05-31,507515,7,,estimated,47102.61,,,,
2026-05-31,507515,8,,estimated,40755.29,,,,
2026-05-31,507515,9,,estimated,29415.34,,,,
2026-05-31,507515,10,,estimated,25429.38,,,,
2026-05-31,507515,11,,estimated,24185.38,,,,
2026-05-31,507515,12,,estimated,21288.1,,,,
2026-05-31,507515,13,,estimated,20543.02,,,,
2026-05-31,507515,14,,estimated,19824.01,,,,
2026-05-31,507515,15,,estimated,19130.17,,,,
2026-05-31,507515,16,,estimated,18460.62,,,,
2026-05-31,507515,17,,estimated,16146.86,,,,
2026-05-31,507515,18,,estimated,15567.44,,,,
2026-05-31,507515,19,,estimated,15022.58,,,,
2026-05-31,507515,20,,estimated,13701.48,,,,
2026-05-31,507843,1,,estimated,311482.69,,,,
2026-05-31,507843,2,,estimated,201617.84,,,,
2026-05-31,507843,3,,estimated,175037.17,,,,
2026-05-31,507843,4,,estimated,146566.43,,,,
2026-05-31,507843,5,,estimated,135044.9,,,,
2026-05-31,507843,6,,estimated,130228.02,,,,
2026-05-31,507843,7,,estimated,112202.58,,,,
2026-05-31,507843,8,,estimated,108275.49,,,,
2026-05-31,507843,9,,estimated,104250.85,,,,
2026-05-31,507843,10,,estimated,99595.45,,,,
2026-05-31,507843,11,,estimated,96109.61,,,,
2026-05-31,507843,12,,estimated,92745.77,,,,
2026-05-31,507843,13,,estimated,89499.67,,,,
2026-05-31,507843,14,,estimated,86367.18,,,,
2026-05-31,507843,15,,estimated,83344.33,,,,
2026-05-31,507843,16,,estimated,80427.28,,,,
2026-05-31,507843,17,,estimated,77612.32,,,,
2026-05-31,507843,18,,estimated,74895.89,,,,
2026-05-31,507843,19,,estimated,72274.54,,,,
2026-05-31,507843,20,,estimated,69744.93,,,,
2026-05-31,508456,1,,estimated,258812.05,,,,
2026-05-31,508456,2,,estimated,249753.63,,,,
2026-05-31,508456,3,,estimated,241012.26,,,,
2026-05-31,508456,4,,estimated,144874.58,,,,
2026-05-31,508456,5,,estimated,139803.97,,,,
2026-05-31,508456,6,,estimated,121669.1,,,,
2026-05-31,508456,7,,estimated,117410.68,,,,
2026-05-31,508456,8,,estimated,113301.31,,,,
2026-05-31,508456,9,,estimated,104857.63,,,,
2026-05-31,508456,10,,estimated,101187.61,,,,
2026-05-31,508456,11,,estimated,97646.04,,,,
2026-05-31,508456,12,,estimated,94228.43,,,,
2026-05-31,508456,13,,estimated,90930.44,,,,
2026-05-31,508456,14,,estimated,87747.87,,,,
2026-05-31,508456,15,,estimated,84676.7,,,,
2026-05-31,508456,16,,estimated,81713.01,,,,
2026-05-31,508456,17,,estimated,78853.06,,,,
2026-05-31,508456,18,,estimated,76093.2,,,,
2026-05-31,508456,19,,estimated,73429.94,,,,
2026-05-31,508456,20,,estimated,70859.89,,,,
2026-05-31,508599,1,,estimated,244958.1,,,,
2026-05-31,508599,2,,estimated,195515.91,,,,
2026-05-31,508599,3,,estimated,152042.2,,,,
2026-05-31,508599,4,,estimated,140409.21,,,,
2026-05-31,508599,5,,estimated,122900.87,,,,
2026-05-31,508599,6,,estimated,116273.67,,,,
2026-05-31,508599,7,,estimated,108045.6,,,,
2026-05-31,508599,8,,estimated,100966.12,,,,
2026-05-31,508599,9,,estimated,97432.3,,,,
2026-05-31,508599,10,,estimated,93957.42,,,,
2026-05-31,508599,11,,estimated,85851.61,,,,
2026-05-31,508599,12,,estimated,82467.51,,,,
2026-05-31,508599,13,,estimated,72188.41,,,,
2026-05-31,508599,14,,estimated,69661.81,,,,
2026-05-31,508599,15,,estimated,67223.65,,,,
2026-05-31,508599,16,,estimated,64870.82,,,,
2026-05-31,508599,17,,estimated,62600.34,,,,
2026-05-31,508599,18,,estimated,45875.46,,,,
2026-05-31,508599,19,,estimated,44269.82,,,,
2026-05-31,508599,20,,estimated,40893.05,,,,
2026-05-31,509417,1,,estimated,144330.48,,,,
2026-05-31,509417,2,,estimated,127923.61,,,,
2026-05-31,509417,3,,estimated,105331.05,,,,
2026-05-31,509417,4,,estimated,96387.97,,,,
2026-05-31,509417,5,,estimated,91832.76,,,,
2026-05-31,509417,6,,estimated,81102.69,,,,
2026-05-31,509417,7,,estimated,78264.09,,,,
2026-05-31,509417,8,,estimated,75524.85,,,,
2026-05-31,509417,9,,estimated,72881.48,,,,
2026-05-31,509417,10,,estimated,67594.11,,,,
2026-05-31,509417,11,,estimated,65228.31,,,,
2026-05-31,509417,12,,estimated,62945.32,,,,
2026-05-31,509417,13,,estimated,60742.23,,,,
2026-05-31,509417,14,,estimated,58616.26,,,,
2026-05-31,509417,15,,estimated,56564.69,,,,
2026-05-31,509417,16,,estimated,54584.92,,,,
2026-05-31,509417,17,,estimated,52674.45,,,,
2026-05-31,509417,18,,estimated,50830.85,,,,
2026-05-31,509417,19,,estimated,49051.77,,,,
2026-05-31,509417,20,,estimated,47334.95,,,,
2026-05-31,509434,1,,estimated,90687.34,,,,
2026-05-31,509434,2,,estimated,65715.42,,,,
2026-05-31,509434,3,,estimated,53754.07,,,,
2026-05-31,509434,4,,estimated,47812.48,,,,
2026-05-31,509434,5,,estimated,44296.56,,,,
2026-05-31,509434,6,,estimated,42383.91,,,,
2026-05-31,509434,7,,estimated,40900.47,,,,
2026-05-31,509434,8,,estimated,39398.44,,,,
2026-05-31,509434,9,,estimated,37160.07,,,,
2026-05-31,509434,10,,estimated,35859.47,,,,
2026-05-31,509434,11,,estimated,34604.39,,,,
2026-05-31,509434,12,,estimated,33393.23,,,,
2026-05-31,509434,13,,estimated,32224.47,,,,
2026-05-31,509434,14,,estimated,31096.61,,,,
2026-05-31,509434,15,,estimated,28920.08,,,,
2026-05-31,509434,16,,estimated,27907.88,,,,
2026-05-31,509434,17,,estimated,26931.1,,,,
2026-05-31,509434,18,,estimated,25988.51,,,,
2026-05-31,509434,19,,estimated,25078.92,,,,
2026-05-31,509434,20,,estimated,24201.15,,,,
2026-05-31,510003,1,,estimated,364573.21,,,,
2026-05-31,510003,2,,estimated,231927.34,,,,
2026-05-31,510003,3,,estimated,223809.88,,,,
2026-05-31,510003,4,,estimated,186529.54,,,,
2026-05-31,510003,5,,estimated,178650.18,,,,
2026-05-31,510003,6,,estimated,159865.34,,,,
2026-05-31,510003,7,,estimated,151426.55,,,,
2026-05-31,510003,8,,estimated,142305.59,,,,
2026-05-31,510003,9,,estimated,137324.9,,,,
2026-05-31,510003,10,,estimated,132518.52,,,,
2026-05-31,510003,11,,estimated,127880.38,,,,
2026-05-31,510003,12,,estimated,123404.56,,,,
2026-05-31,510003,13,,estimated,119085.4,,,,
2026-05-31,510003,14,,estimated,114917.41,,,,
2026-05-31,510003,15,,estimated,110895.3,,,,
2026-05-31,510003,16,,estimated,107013.97,,,,
2026-05-31,510003,17,,estimated,103268.48,,,,
2026-05-31,510003,18,,estimated,99654.08,,,,
2026-05-31,510003,19,,estimated,96166.19,,,,
2026-05-31,510003,20,,estimated,92800.37,,,,
2026-05-31,511293,1,,estimated,128038.41,,,,
2026-05-31,511293,2,,estimated,92745.94,,,,
2026-05-31,511293,3,,estimated,81331.77,,,,
2026-05-31,511293,4,,estimated,76316.28,,,,
2026-05-31,511293,5,,estimated,67464.36,,,,
2026-05-31,511293,6,,estimated,64107.28,,,,
2026-05-31,511293,7,,estimated,60750.41,,,,
2026-05-31,511293,8,,estimated,58624.15,,,,
2026-05-31,511293,9,,estimated,54747.63,,,,
2026-05-31,511293,10,,estimated,52831.46,,,,
2026-05-31,511293,11,,estimated,50982.36,,,,
2026-05-31,511293,12,,estimated,48722.01,,,,
2026-05-31,511293,13,,estimated,47016.74,,,,
2026-05-31,511293,14,,estimated,45371.15,,,,
2026-05-31,511293,15,,estimated,43783.16,,,,
2026-05-31,511293,16,,estimated,42250.75,,,,
2026-05-31,511293,17,,estimated,40771.98,,,,
2026-05-31,511293,18,,estimated,39344.96,,,,
2026-05-31,511293,19,,estimated,37967.88,,,,
2026-05-31,511293,20,,estimated,36639.01,,,,
2026-05-31,551180,1,,estimated,166986.07,,,,
2026-05-31,551180,2,,estimated,120791.85,,,,
2026-05-31,551180,3,,estimated,99072.27,,,,
2026-05-31,551180,4,,estimated,90626.95,,,,
2026-05-31,551180,5,,estimated,85693.94,,,,
2026-05-31,551180,6,,estimated,71638.54,,,,
2026-05-31,551180,7,,estimated,67340.43,,,,
2026-05-31,551180,8,,estimated,64983.51,,,,
2026-05-31,551180,9,,estimated,61684.52,,,,
2026-05-31,551180,10,,estimated,58696.62,,,,
2026-05-31,551180,11,,estimated,56642.24,,,,
2026-05-31,551180,12,,estimated,54659.76,,,,
2026-05-31,551180,13,,estimated,52746.67,,,,
2026-05-31,551180,14,,estimated,50900.54,,,,
2026-05-31,551180,15,,estimated,49119.02,,,,
2026-05-31,551180,16,,estimated,47399.85,,,,
2026-05-31,551180,17,,estimated,45740.86,,,,
2026-05-31,551180,18,,estimated,44139.93,,,,
2026-05-31,551180,19,,estimated,42595.03,,,,
2026-05-31,551180,20,,estimated,41104.2,,,,
2026-05-31,551228,1,,estimated,280012.2,,,,
2026-05-31,551228,2,,estimated,242203.33,,,,
2026-05-31,551228,3,,estimated,199516.76,,,,
2026-05-31,551228,4,,estimated,187512.88,,,,
2026-05-31,551228,5,,estimated,180949.93,,,,
2026-05-31,551228,6,,estimated,164210.4,,,,
2026-05-31,551228,7,,estimated,156104.99,,,,
2026-05-31,551228,8,,estimated,150641.31,,,,
2026-05-31,551228,9,,estimated,140737.79,,,,
2026-05-31,551228,10,,estimated,135811.97,,,,
2026-05-31,551228,11,,estimated,131058.55,,,,
2026-05-31,551228,12,,estimated,126471.5,,,,
2026-05-31,551228,13,,estimated,120542.49,,,,
2026-05-31,551228,14,,estimated,116323.51,,,,
2026-05-31,551228,15,,estimated,112252.18,,,,
2026-05-31,551228,16,,estimated,108323.36,,,,
2026-05-31,551228,17,,estimated,104532.04,,,,
2026-05-31,551228,18,,estimated,100873.42,,,,
2026-05-31,551228,19,,estimated,97342.85,,,,
2026-05-31,551228,20,,estimated,93935.85,,,,
2026-05-31,551732,1,,estimated,80058.04,,,,
2026-05-31,551732,2,,estimated,57272.94,,,,
2026-05-31,551732,3,,estimated,49863.88,,,,
2026-05-31,551732,4,,estimated,46813.04,,,,
2026-05-31,551732,5,,estimated,44376.65,,,,
2026-05-31,551732,6,,estimated,42823.47,,,,
2026-05-31,551732,7,,estimated,40440.52,,,,
2026-05-31,551732,8,,estimated,38045.79,,,,
2026-05-31,551732,9,,estimated,35806.11,,,,
2026-05-31,551732,10,,estimated,32876.23,,,,
2026-05-31,551732,11,,estimated,30622.09,,,,
2026-05-31,551732,12,,estimated,29550.32,,,,
2026-05-31,551732,13,,estimated,28516.05,,,,
2026-05-31,551732,14,,estimated,27517.99,,,,
2026-05-31,551732,15,,estimated,26554.86,,,,
2026-05-31,551732,16,,estimated,25625.44,,,,
2026-05-31,551732,17,,estimated,24728.55,,,,
2026-05-31,551732,18,,estimated,23863.05,,,,
2026-05-31,551732,19,,estimated,23027.85,,,,
2026-05-31,551732,20,,estimated,22221.87,,,,
2026-05-31,551736,1,,estimated,89014.39,,,,
2026-05-31,551736,2,,estimated,63806.65,,,,
2026-05-31,551736,3,,estimated,61573.42,,,,
2026-05-31,551736,4,,estimated,52130.06,,,,
2026-05-31,551736,5,,estimated,46759.35,,,,
2026-05-31,551736,6,,estimated,44430.61,,,,
2026-05-31,551736,7,,estimated,41956.9,,,,
2026-05-31,551736,8,,estimated,40488.41,,,,
2026-05-31,551736,9,,estimated,38754.81,,,,
2026-05-31,551736,10,,estimated,36778.75,,,,
2026-05-31,551736,11,,estimated,35491.49,,,,
2026-05-31,551736,12,,estimated,34249.29,,,,
2026-05-31,551736,13,,estimated,32857.89,,,,
2026-05-31,551736,14,,estimated,31707.87,,,,
2026-05-31,551736,15,,estimated,30598.09,,,,
2026-05-31,551736,16,,estimated,29527.16,,,,
2026-05-31,551736,17,,estimated,28493.71,,,,
2026-05-31,551736,18,,estimated,27496.43,,,,
2026-05-31,551736,19,,estimated,26534.05,,,,
2026-05-31,551736,20,,estimated,25605.36,,,,
2026-05-31,554973,1,,estimated,110300.03,,,,
2026-05-31,554973,2,,estimated,78889.23,,,,
2026-05-31,554973,3,,estimated,66760.55,,,,
2026-05-31,554973,4,,estimated,59923.63,,,,
2026-05-31,554973,5,,estimated,54425.18,,,,
2026-05-31,554973,6,,estimated,51026.67,,,,
2026-05-31,554973,7,,estimated,49240.73,,,,
2026-05-31,554973,8,,estimated,45772.69,,,,
2026-05-31,554973,9,,estimated,44170.65,,,,
2026-05-31,554973,10,,estimated,42624.68,,,,
2026-05-31,554973,11,,estimated,41132.81,,,,
2026-05-31,554973,12,,estimated,39693.16,,,,
2026-05-31,554973,13,,estimated,38303.9,,,,
2026-05-31,554973,14,,estimated,36963.27,,,,
2026-05-31,554973,15,,estimated,34866.24,,,,
2026-05-31,554973,16,,estimated,33645.93,,,,
2026-05-31,554973,17,,estimated,32468.32,,,,
2026-05-31,554973,18,,estimated,31331.93,,,,
2026-05-31,554973,19,,estimated,27234.96,,,,
2026-05-31,554973,20,,estimated,26281.73,,,,
2026-05-31,555003,1,,estimated,112049.2,,,,
2026-05-31,555003,2,,estimated,78034.32,,,,
2026-05-31,555003,3,,estimated,55080.02,,,,
2026-05-31,555003,4,,estimated,45453.3,,,,
2026-05-31,555003,5,,estimated,37430.48,,,,
2026-05-31,555003,6,,estimated,31801.52,,,,
2026-05-31,555003,7,,estimated,29042.4,,,,
2026-05-31,555003,8,,estimated,25789.09,,,,
2026-05-31,555003,9,,estimated,24030.98,,,,
2026-05-31,555003,10,,estimated,22274.22,,,,
2026-05-31,555003,11,,estimated,20400.27,,,,
2026-05-31,555003,12,,estimated,19067.16,,,,
2026-05-31,555003,13,,estimated,18399.81,,,,
2026-05-31,555003,14,,estimated,17557.92,,,,
2026-05-31,555003,15,,estimated,16850.37,,,,
2026-05-31,555003,16,,estimated,16112.23,,,,
2026-05-31,555003,17,,estimated,15455.94,,,,
2026-05-31,555003,18,,estimated,14900.89,,,,
2026-05-31,555003,19,,estimated,14379.36,,,,
2026-05-31,555003,20,,estimated,13394.88,,,,
2026-05-31,555421,1,,estimated,129939.46,,,,
2026-05-31,555421,2,,estimated,93781.3,,,,
2026-05-31,555421,3,,estimated,75419.97,,,,
2026-05-31,555421,4,,estimated,66090.55,,,,
2026-05-31,555421,5,,estimated,60950.26,,,,
2026-05-31,555421,6,,estimated,57784.83,,,,
2026-05-31,555421,7,,estimated,55383.58,,,,
2026-05-31,555421,8,,estimated,50152.02,,,,
2026-05-31,555421,9,,estimated,47838.99,,,,
2026-05-31,555421,10,,estimated,44175.56,,,,
2026-05-31,555421,11,,estimated,42629.42,,,,
2026-05-31,555421,12,,estimated,41137.39,,,,
2026-05-31,555421,13,,estimated,39697.58,,,,
2026-05-31,555421,14,,estimated,38308.16,,,,
2026-05-31,555421,15,,estimated,36967.38,,,,
2026-05-31,555421,16,,estimated,35673.52,,,,
2026-05-31,555421,17,,estimated,34424.95,,,,
2026-05-31,555421,18,,estimated,33220.07,,,,
2026-05-31,555421,19,,estimated,32057.37,,,,
2026-05-31,555421,20,,estimated,30935.36,,,,
2026-05-31,558754,1,,estimated,232842.27,,,,
2026-05-31,558754,2,,estimated,93288.01,,,,
2026-05-31,558754,3,,estimated,63791.45,,,,
2026-05-31,558754,4,,estimated,50710.86,,,,
2026-05-31,558754,5,,estimated,37919.92,,,,
2026-05-31,558754,6,,estimated,31430.33,,,,
2026-05-31,558754,7,,estimated,28199.03,,,,
2026-05-31,558754,8,,estimated,25382.38,,,,
2026-05-31,558754,9,,estimated,23041.34,,,,
2026-05-31,558754,10,,estimated,21922.12,,,,
2026-05-31,558754,11,,estimated,20547.6,,,,
2026-05-31,558754,12,,estimated,19828.43,,,,
2026-05-31,558754,13,,estimated,17695.62,,,,
2026-05-31,558754,14,,estimated,17076.27,,,,
2026-05-31,558754,15,,estimated,16478.61,,,,
2026-05-31,558754,16,,estimated,15901.85,,,,
2026-05-31,558754,17,,estimated,15345.29,,,,
2026-05-31,558754,18,,estimated,14808.2,,,,
2026-05-31,558754,19,,estimated,14289.92,,,,
2026-05-31,558754,20,,estimated,13789.77,,,,
2026-05-31,558846,1,,estimated,179516.76,,,,
2026-05-31,558846,2,,estimated,132513.42,,,,
2026-05-31,558846,3,,estimated,108637.91,,,,
2026-05-31,558846,4,,estimated,94173.78,,,,
2026-05-31,558846,5,,estimated,88116.81,,,,
2026-05-31,558846,6,,estimated,85032.72,,,,
2026-05-31,558846,7,,estimated,77666.45,,,,
2026-05-31,558846,8,,estimated,74948.13,,,,
2026-05-31,558846,9,,estimated,72324.94,,,,
2026-05-31,558846,10,,estimated,69793.57,,,,
2026-05-31,558846,11,,estimated,67350.8,,,,
2026-05-31,558846,12,,estimated,64993.52,,,,
2026-05-31,558846,13,,estimated,62718.74,,,,
2026-05-31,558846,14,,estimated,60523.59,,,,
2026-05-31,558846,15,,estimated,58405.26,,,,
2026-05-31,558846,16,,estimated,56361.08,,,,
2026-05-31,558846,17,,estimated,54388.44,,,,
2026-05-31,558846,18,,estimated,52484.85,,,,
2026-05-31,558846,19,,estimated,50647.88,,,,
2026-05-31,558846,20,,estimated,48875.2,,,,
2026-05-31,558873,1,,estimated,174075.08,,,,
2026-05-31,558873,2,,estimated,140999.38,,,,
2026-05-31,558873,3,,estimated,98328.08,,,,
2026-05-31,558873,4,,estimated,87229.69,,,,
2026-05-31,558873,5,,estimated,84176.65,,,,
2026-05-31,558873,6,,estimated,77769.55,,,,
2026-05-31,558873,7,,estimated,75047.61,,,,
2026-05-31,558873,8,,estimated,70155.66,,,,
2026-05-31,558873,9,,estimated,67700.21,,,,
2026-05-31,558873,10,,estimated,64228.75,,,,
2026-05-31,558873,11,,estimated,61980.74,,,,
2026-05-31,558873,12,,estimated,59811.41,,,,
2026-05-31,558873,13,,estimated,57718.01,,,,
2026-05-31,558873,14,,estimated,55697.88,,,,
2026-05-31,558873,15,,estimated,53748.46,,,,
2026-05-31,558873,16,,estimated,51867.26,,,,
2026-05-31,558873,17,,estimated,50051.91,,,,
2026-05-31,558873,18,,estimated,48300.09,,,,
2026-05-31,558873,19,,estimated,46609.59,,,,
2026-05-31,558873,20,,estimated,44978.25,,,,
2026-05-31,560271,1,,estimated,658865.18,,,,
2026-05-31,560271,2,,estimated,317961.61,,,,
2026-05-31,560271,3,,estimated,234862.24,,,,
2026-05-31,560271,4,,estimated,175982.49,,,,
2026-05-31,560271,5,,estimated,151824.62,,,,
2026-05-31,560271,6,,estimated,143055.19,,,,
2026-05-31,560271,7,,estimated,124201.77,,,,
2026-05-31,560271,8,,estimated,115692.81,,,,
2026-05-31,560271,9,,estimated,103424.11,,,,
2026-05-31,560271,10,,estimated,98622.39,,,,
2026-05-31,560271,11,,estimated,93831.6,,,,
2026-05-31,560271,12,,estimated,88346.89,,,,
2026-05-31,560271,13,,estimated,82550.21,,,,
2026-05-31,560271,14,,estimated,79660.96,,,,
2026-05-31,560271,15,,estimated,76872.82,,,,
2026-05-31,560271,16,,estimated,74182.27,,,,
2026-05-31,560271,17,,estimated,71585.9,,,,
2026-05-31,560271,18,,estimated,69080.39,,,,
2026-05-31,560271,19,,estimated,66662.58,,,,
2026-05-31,560271,20,,estimated,64329.38,,,,
2026-05-31,562641,1,,estimated,203131.24,,,,
2026-05-31,562641,2,,estimated,149982.52,,,,
2026-05-31,562641,3,,estimated,144733.13,,,,
2026-05-31,562641,4,,estimated,109346.08,,,,
2026-05-31,562641,5,,estimated,93292.19,,,,
2026-05-31,562641,6,,estimated,77282.22,,,,
2026-05-31,562641,7,,estimated,69919.63,,,,
2026-05-31,562641,8,,estimated,65195.02,,,,
2026-05-31,562641,9,,estimated,54773.04,,,,
2026-05-31,562641,10,,estimated,52855.98,,,,
2026-05-31,562641,11,,estimated,46436.26,,,,
2026-05-31,562641,12,,estimated,44502.54,,,,
2026-05-31,562641,13,,estimated,42944.95,,,,
2026-05-31,562641,14,,estimated,41441.88,,,,
2026-05-31,562641,15,,estimated,39991.42,,,,
2026-05-31,562641,16,,estimated,38591.72,,,,
2026-05-31,562641,17,,estimated,37241.01,,,,
2026-05-31,562641,18,,estimated,34587.7,,,,
2026-05-31,562641,19,,estimated,33377.13,,,,
2026-05-31,562641,20,,estimated,21591.15,,,,
2026-05-31,563339,1,,estimated,138911.19,,,,
2026-05-31,563339,2,,estimated,96805.61,,,,
2026-05-31,563339,3,,estimated,70424.1,,,,
2026-05-31,563339,4,,estimated,59576.08,,,,
2026-05-31,563339,5,,estimated,52994.74,,,,
2026-05-31,563339,6,,estimated,49728.82,,,,
2026-05-31,563339,7,,estimated,45909.76,,,,
2026-05-31,563339,8,,estimated,44123.11,,,,
2026-05-31,563339,9,,estimated,37641.35,,,,
2026-05-31,563339,10,,estimated,36323.9,,,,
2026-05-31,563339,11,,estimated,35052.57,,,,
2026-05-31,563339,12,,estimated,33825.73,,,,
2026-05-31,563339,13,,estimated,32641.83,,,,
2026-05-31,563339,14,,estimated,31499.36,,,,
2026-05-31,563339,15,,estimated,30396.89,,,,
2026-05-31,563339,16,,estimated,29332.99,,,,
2026-05-31,563339,17,,estimated,28306.34,,,,
2026-05-31,563339,18,,estimated,27315.62,,,,
2026-05-31,563339,19,,estimated,26359.57,,,,
2026-05-31,563339,20,,estimated,25436.99,,,,
2026-05-31,563342,1,,estimated,349305.43,,,,
2026-05-31,563342,2,,estimated,227101.09,,,,
2026-05-31,563342,3,,estimated,178554.67,,,,
2026-05-31,563342,4,,estimated,158404.46,,,,
2026-05-31,563342,5,,estimated,144244.3,,,,
2026-05-31,563342,6,,estimated,127674.96,,,,
2026-05-31,563342,7,,estimated,113865.63,,,,
2026-05-31,563342,8,,estimated,109880.33,,,,
2026-05-31,563342,9,,estimated,102934.62,,,,
2026-05-31,563342,10,,estimated,99331.91,,,,
2026-05-31,563342,11,,estimated,95624.53,,,,
2026-05-31,563342,12,,estimated,92277.68,,,,
2026-05-31,563342,13,,estimated,89047.96,,,,
2026-05-31,563342,14,,estimated,85931.28,,,,
2026-05-31,563342,15,,estimated,82923.68,,,,
2026-05-31,563342,16,,estimated,75255.99,,,,
2026-05-31,563342,17,,estimated,72622.03,,,,
2026-05-31,563342,18,,estimated,70080.26,,,,
2026-05-31,563342,19,,estimated,64420.18,,,,
2026-05-31,563342,20,,estimated,59342.06,,,,
2026-05-31,563689,1,,estimated,277486.2,,,,
2026-05-31,563689,2,,estimated,142715.57,,,,
2026-05-31,563689,3,,estimated,97779.41,,,,
2026-05-31,563689,4,,estimated,79519.08,,,,
2026-05-31,563689,5,,estimated,61940.19,,,,
2026-05-31,563689,6,,estimated,52654.69,,,,
2026-05-31,563689,7,,estimated,46080.26,,,,
2026-05-31,563689,8,,estimated,41234.22,,,,
2026-05-31,563689,9,,estimated,37957.3,,,,
2026-05-31,563689,10,,estimated,33968.11,,,,
2026-05-31,563689,11,,estimated,31139.94,,,,
2026-05-31,563689,12,,estimated,28344.67,,,,
2026-05-31,563689,13,,estimated,26583.67,,,,
2026-05-31,563689,14,,estimated,25653.24,,,,
2026-05-31,563689,15,,estimated,24755.37,,,,
2026-05-31,563689,16,,estimated,23888.94,,,,
2026-05-31,563689,17,,estimated,22122.05,,,,
2026-05-31,563689,18,,estimated,20364.43,,,,
2026-05-31,563689,19,,estimated,19651.67,,,,
2026-05-31,563689,20,,estimated,18963.86,,,,
2026-05-31,564286,1,,estimated,283898.9,,,,
2026-05-31,564286,2,,estimated,214071.06,,,,
2026-05-31,564286,3,,estimated,181355.4,,,,
2026-05-31,564286,4,,estimated,171971.77,,,,
2026-05-31,564286,5,,estimated,151118.87,,,,
2026-05-31,564286,6,,estimated,145829.71,,,,
2026-05-31,564286,7,,estimated,140725.67,,,,
2026-05-31,564286,8,,estimated,135800.27,,,,
2026-05-31,564286,9,,estimated,131047.26,,,,
2026-05-31,564286,10,,estimated,126460.61,,,,
2026-05-31,564286,11,,estimated,122034.49,,,,
2026-05-31,564286,12,,estimated,117763.28,,,,
2026-05-31,564286,13,,estimated,113641.56,,,,
2026-05-31,564286,14,,estimated,109664.11,,,,
2026-05-31,564286,15,,estimated,105825.87,,,,
2026-05-31,564286,16,,estimated,102121.96,,,,
2026-05-31,564286,17,,estimated,98547.69,,,,
2026-05-31,564286,18,,estimated,95098.52,,,,
2026-05-31,564286,19,,estimated,91770.07,,,,
2026-05-31,564286,20,,estimated,88558.12,,,,
2026-05-31,564647,1,,estimated,146926.0,,,,
2026-05-31,564647,2,,estimated,99811.83,,,,
2026-05-31,564647,3,,estimated,76535.75,,,,
2026-05-31,564647,4,,estimated,72029.55,,,,
2026-05-31,564647,5,,estimated,69508.51,,,,
2026-05-31,564647,6,,estimated,64424.29,,,,
2026-05-31,564647,7,,estimated,62169.44,,,,
2026-05-31,564647,8,,estimated,59993.51,,,,
2026-05-31,564647,9,,estimated,57127.58,,,,
2026-05-31,564647,10,,estimated,55128.12,,,,
2026-05-31,564647,11,,estimated,53198.63,,,,
2026-05-31,564647,12,,estimated,51336.68,,,,
2026-05-31,564647,13,,estimated,49539.9,,,,
2026-05-31,564647,14,,estimated,47806.0,,,,
2026-05-31,564647,15,,estimated,46132.79,,,,
2026-05-31,564647,16,,estimated,44518.14,,,,
2026-05-31,564647,17,,estimated,42960.01,,,,
2026-05-31,564647,18,,estimated,41456.41,,,,
2026-05-31,564647,19,,estimated,40005.43,,,,
2026-05-31,564647,20,,estimated,38605.24,,,,
2026-05-31,564895,1,,estimated,284069.05,,,,
2026-05-31,564895,2,,estimated,194579.59,,,,
2026-05-31,564895,3,,estimated,187769.3,,,,
2026-05-31,564895,4,,estimated,181197.37,,,,
2026-05-31,564895,5,,estimated,160551.65,,,,
2026-05-31,564895,6,,estimated,132882.06,,,,
2026-05-31,564895,7,,estimated,128231.19,,,,
2026-05-31,564895,8,,estimated,123743.1,,,,
2026-05-31,564895,9,,estimated,119412.09,,,,
2026-05-31,564895,10,,estimated,115232.67,,,,
2026-05-31,564895,11,,estimated,111199.53,,,,
2026-05-31,564895,12,,estimated,107307.54,,,,
2026-05-31,564895,13,,estimated,103551.78,,,,
2026-05-31,564895,14,,estimated,99927.47,,,,
2026-05-31,564895,15,,estimated,96430.0,,,,
2026-05-31,564895,16,,estimated,93054.95,,,,
2026-05-31,564895,17,,estimated,89798.03,,,,
2026-05-31,564895,18,,estimated,86655.1,,,,
2026-05-31,564895,19,,estimated,83622.17,,,,
2026-05-31,564895,20,,estimated,80695.4,,,,
2026-05-31,565724,1,,estimated,332714.67,,,,
2026-05-31,565724,2,,estimated,170498.23,,,,
2026-05-31,565724,3,,estimated,116416.78,,,,
2026-05-31,565724,4,,estimated,89506.42,,,,
2026-05-31,565724,5,,estimated,73265.78,,,,
2026-05-31,565724,6,,estimated,62444.71,,,,
2026-05-31,565724,7,,estimated,54570.8,,,,
2026-05-31,565724,8,,estimated,52660.82,,,,
2026-05-31,565724,9,,estimated,43587.55,,,,
2026-05-31,565724,10,,estimated,39949.01,,,,
2026-05-31,565724,11,,estimated,38550.79,,,,
2026-05-31,565724,12,,estimated,37201.52,,,,
2026-05-31,565724,13,,estimated,35465.9,,,,
2026-05-31,565724,14,,estimated,34224.6,,,,
2026-05-31,565724,15,,estimated,29796.03,,,,
2026-05-31,565724,16,,estimated,28753.17,,,,
2026-05-31,565724,17,,estimated,27746.81,,,,
2026-05-31,565724,18,,estimated,25950.14,,,,
2026-05-31,565724,19,,estimated,24653.69,,,,
2026-05-31,565724,20,,estimated,23632.7,,,,
2026-05-31,566061,1,,estimated,63183.87,,,,
2026-05-31,566061,2,,estimated,44994.89,,,,
2026-05-31,566061,3,,estimated,34889.92,,,,
2026-05-31,566061,4,,estimated,28938.89,,,,
2026-05-31,566061,5,,estimated,24373.57,,,,
2026-05-31,566061,6,,estimated,22262.16,,,,
2026-05-31,566061,7,,estimated,20699.09,,,,
2026-05-31,566061,8,,estimated,18034.5,,,,
2026-05-31,566061,9,,estimated,17131.39,,,,
2026-05-31,566061,10,,estimated,16531.8,,,,
2026-05-31,566061,11,,estimated,15109.65,,,,
2026-05-31,566061,12,,estimated,13492.07,,,,
2026-05-31,566061,13,,estimated,13019.85,,,,
2026-05-31,566061,14,,estimated,12297.34,,,,
2026-05-31,566061,15,,estimated,11706.51,,,,
2026-05-31,566061,16,,estimated,11212.12,,,,
2026-05-31,566061,17,,estimated,10819.7,,,,
2026-05-31,566061,18,,estimated,10441.01,,,,
2026-05-31,566061,19,,estimated,10075.57,,,,
2026-05-31,566061,20,,estimated,9514.08,,,,
2026-05-31,566403,1,,estimated,337700.31,,,,
2026-05-31,566403,2,,estimated,244292.08,,,,
2026-05-31,566403,3,,estimated,190399.01,,,,
2026-05-31,566403,4,,estimated,160275.18,,,,
2026-05-31,566403,5,,estimated,142648.91,,,,
2026-05-31,566403,6,,estimated,137656.2,,,,
2026-05-31,566403,7,,estimated,131040.89,,,,
2026-05-31,566403,8,,estimated,125032.02,,,,
2026-05-31,566403,9,,estimated,116373.36,,,,
2026-05-31,566403,10,,estimated,112300.29,,,,
2026-05-31,566403,11,,estimated,108369.78,,,,
2026-05-31,566403,12,,estimated,104576.84,,,,
2026-05-31,566403,13,,estimated,100916.65,,,,
2026-05-31,566403,14,,estimated,97384.57,,,,
2026-05-31,566403,15,,estimated,93976.11,,,,
2026-05-31,566403,16,,estimated,90686.94,,,,
2026-05-31,566403,17,,estimated,87512.9,,,,
2026-05-31,566403,18,,estimated,84449.95,,,,
2026-05-31,566403,19,,estimated,81494.2,,,,
2026-05-31,566403,20,,estimated,78641.9,,,,
2026-05-31,566647,1,,estimated,223154.38,,,,
2026-05-31,566647,2,,estimated,170448.86,,,,
2026-05-31,566647,3,,estimated,116327.79,,,,
2026-05-31,566647,4,,estimated,93703.5,,,,
2026-05-31,566647,5,,estimated,90423.88,,,,
2026-05-31,566647,6,,estimated,85916.81,,,,
2026-05-31,566647,7,,estimated,80618.9,,,,
2026-05-31,566647,8,,estimated,77797.24,,,,
2026-05-31,566647,9,,estimated,75074.34,,,,
2026-05-31,566647,10,,estimated,72446.74,,,,
2026-05-31,566647,11,,estimated,69911.1,,,,
2026-05-31,566647,12,,estimated,67464.21,,,,
2026-05-31,566647,13,,estimated,65102.96,,,,
2026-05-31,566647,14,,estimated,62824.36,,,,
2026-05-31,566647,15,,estimated,60625.51,,,,
2026-05-31,566647,16,,estimated,58503.62,,,,
2026-05-31,566647,17,,estimated,56455.99,,,,
2026-05-31,566647,18,,estimated,54480.03,,,,
2026-05-31,566647,19,,estimated,52573.23,,,,
2026-05-31,566647,20,,estimated,50733.17,,,,
2026-05-31,567251,1,,estimated,143259.98,,,,
2026-05-31,567251,2,,estimated,98363.02,,,,
2026-05-31,567251,3,,estimated,81707.99,,,,
2026-05-31,567251,4,,estimated,70211.41,,,,
2026-05-31,567251,5,,estimated,64496.17,,,,
2026-05-31,567251,6,,estimated,60518.43,,,,
2026-05-31,567251,7,,estimated,56008.66,,,,
2026-05-31,567251,8,,estimated,48606.85,,,,
2026-05-31,567251,9,,estimated,46905.61,,,,
2026-05-31,567251,10,,estimated,43518.27,,,,
2026-05-31,567251,11,,estimated,41133.47,,,,
2026-05-31,567251,12,,estimated,39115.82,,,,
2026-05-31,567251,13,,estimated,36446.44,,,,
2026-05-31,567251,14,,estimated,35170.82,,,,
2026-05-31,567251,15,,estimated,33099.03,,,,
2026-05-31,567251,16,,estimated,29569.35,,,,
2026-05-31,567251,17,,estimated,28534.42,,,,
2026-05-31,567251,18,,estimated,27535.72,,,,
2026-05-31,567251,19,,estimated,26571.97,,,,
2026-05-31,567251,20,,estimated,25502.77,,,,
2026-05-31,567434,1,,estimated,114640.25,,,,
2026-05-31,567434,2,,estimated,85225.27,,,,
2026-05-31,567434,3,,estimated,68223.16,,,,
2026-05-31,567434,4,,estimated,61250.21,,,,
2026-05-31,567434,5,,estimated,59106.45,,,,
2026-05-31,567434,6,,estimated,53382.33,,,,
2026-05-31,567434,7,,estimated,51513.95,,,,
2026-05-31,567434,8,,estimated,49710.96,,,,
2026-05-31,567434,9,,estimated,47203.54,,,,
2026-05-31,567434,10,,estimated,45551.41,,,,
2026-05-31,567434,11,,estimated,41619.86,,,,
2026-05-31,567434,12,,estimated,40163.16,,,,
2026-05-31,567434,13,,estimated,37495.21,,,,
2026-05-31,567434,14,,estimated,35019.69,,,,
2026-05-31,567434,15,,estimated,33245.23,,,,
2026-05-31,567434,16,,estimated,32081.64,,,,
2026-05-31,567434,17,,estimated,30578.76,,,,
2026-05-31,567434,18,,estimated,29508.5,,,,
2026-05-31,567434,19,,estimated,28475.7,,,,
2026-05-31,567434,20,,estimated,25336.56,,,,
2026-05-31,567538,1,,estimated,366297.01,,,,
2026-05-31,567538,2,,estimated,181231.22,,,,
2026-05-31,567538,3,,estimated,127502.87,,,,
2026-05-31,567538,4,,estimated,96802.86,,,,
2026-05-31,567538,5,,estimated,78222.47,,,,
2026-05-31,567538,6,,estimated,67060.88,,,,
2026-05-31,567538,7,,estimated,58625.8,,,,
2026-05-31,567538,8,,estimated,52457.67,,,,
2026-05-31,567538,9,,estimated,46901.17,,,,
2026-05-31,567538,10,,estimated,42942.01,,,,
2026-05-31,567538,11,,estimated,39996.86,,,,
2026-05-31,567538,12,,estimated,37884.86,,,,
2026-05-31,567538,13,,estimated,33851.33,,,,
2026-05-31,567538,14,,estimated,31886.9,,,,
2026-05-31,567538,15,,estimated,30770.86,,,,
2026-05-31,567538,16,,estimated,29247.89,,,,
2026-05-31,567538,17,,estimated,27474.11,,,,
2026-05-31,567538,18,,estimated,26512.51,,,,
2026-05-31,567538,19,,estimated,25445.64,,,,
2026-05-31,567538,20,,estimated,23208.4,,,,
2026-05-31,567554,1,,estimated,174691.0,,,,
2026-05-31,567554,2,,estimated,117653.15,,,,
2026-05-31,567554,3,,estimated,100575.29,,,,
2026-05-31,567554,4,,estimated,97055.15,,,,
2026-05-31,567554,5,,estimated,93658.22,,,,
2026-05-31,567554,6,,estimated,90380.19,,,,
2026-05-31,567554,7,,estimated,87216.88,,,,
2026-05-31,567554,8,,estimated,84164.29,,,,
2026-05-31,567554,9,,estimated,81218.54,,,,
2026-05-31,567554,10,,estimated,78375.89,,,,
2026-05-31,567554,11,,estimated,75632.73,,,,
2026-05-31,567554,12,,estimated,72985.59,,,,
2026-05-31,567554,13,,estimated,70431.09,,,,
2026-05-31,567554,14,,estimated,67966.0,,,,
2026-05-31,567554,15,,estimated,65587.19,,,,
2026-05-31,567554,16,,estimated,63291.64,,,,
2026-05-31,567554,17,,estimated,61076.44,,,,
2026-05-31,567554,18,,estimated,58938.76,,,,
2026-05-31,567554,19,,estimated,56875.9,,,,
2026-05-31,567554,20,,estimated,54885.25,,,,
2026-05-31,567623,1,,estimated,115628.58,,,,
2026-05-31,567623,2,,estimated,65904.48,,,,
2026-05-31,567623,3,,estimated,57476.25,,,,
2026-05-31,567623,4,,estimated,53486.34,,,,
2026-05-31,567623,5,,estimated,47370.35,,,,
2026-05-31,567623,6,,estimated,45712.39,,,,
2026-05-31,567623,7,,estimated,39815.31,,,,
2026-05-31,567623,8,,estimated,38421.77,,,,
2026-05-31,567623,9,,estimated,37077.01,,,,
2026-05-31,567623,10,,estimated,35779.31,,,,
2026-05-31,567623,11,,estimated,34527.04,,,,
2026-05-31,567623,12,,estimated,32619.8,,,,
2026-05-31,567623,13,,estimated,31478.11,,,,
2026-05-31,567623,14,,estimated,30376.37,,,,
2026-05-31,567623,15,,estimated,29313.2,,,,
2026-05-31,567623,16,,estimated,28287.24,,,,
2026-05-31,567623,17,,estimated,27297.19,,,,
2026-05-31,567623,18,,estimated,26341.78,,,,
2026-05-31,567623,19,,estimated,25419.82,,,,
2026-05-31,567623,20,,estimated,24530.13,,,,
2026-05-31,567645,1,,estimated,97197.37,,,,
2026-05-31,567645,2,,estimated,61085.06,,,,
2026-05-31,567645,3,,estimated,54652.22,,,,
2026-05-31,567645,4,,estimated,51771.58,,,,
2026-05-31,567645,5,,estimated,47818.28,,,,
2026-05-31,567645,6,,estimated,44261.34,,,,
2026-05-31,567645,7,,estimated,42218.76,,,,
2026-05-31,567645,8,,estimated,40741.11,,,,
2026-05-31,567645,9,,estimated,37773.93,,,,
2026-05-31,567645,10,,estimated,36451.84,,,,
2026-05-31,567645,11,,estimated,35176.02,,,,
2026-05-31,567645,12,,estimated,33944.86,,,,
2026-05-31,567645,13,,estimated,32756.79,,,,
2026-05-31,567645,14,,estimated,31610.31,,,,
2026-05-31,567645,15,,estimated,30503.95,,,,
2026-05-31,567645,16,,estimated,29436.31,,,,
2026-05-31,567645,17,,estimated,28406.04,,,,
2026-05-31,567645,18,,estimated,27411.83,,,,
2026-05-31,567645,19,,estimated,26452.41,,,,
2026-05-31,567645,20,,estimated,25526.58,,,,
2026-05-31,567662,1,,estimated,125071.13,,,,
2026-05-31,567662,2,,estimated,85890.25,,,,
2026-05-31,567662,3,,estimated,70030.18,,,,
2026-05-31,567662,4,,estimated,59358.17,,,,
2026-05-31,567662,5,,estimated,48654.13,,,,
2026-05-31,567662,6,,estimated,42276.22,,,,
2026-05-31,567662,7,,estimated,38854.26,,,,
2026-05-31,567662,8,,estimated,34797.8,,,,
2026-05-31,567662,9,,estimated,31887.77,,,,
2026-05-31,567662,10,,estimated,29399.66,,,,
2026-05-31,567662,11,,estimated,26820.42,,,,
2026-05-31,567662,12,,estimated,24930.6,,,,
2026-05-31,567662,13,,estimated,24058.03,,,,
2026-05-31,567662,14,,estimated,23025.75,,,,
2026-05-31,567662,15,,estimated,22172.59,,,,
2026-05-31,567662,16,,estimated,21167.09,,,,
2026-05-31,567662,17,,estimated,20201.34,,,,
2026-05-31,567662,18,,estimated,19494.29,,,,
2026-05-31,567662,19,,estimated,18545.4,,,,
2026-05-31,567662,20,,estimated,17767.37,,,,
2026-05-31,567664,1,,estimated,185934.95,,,,
2026-05-31,567664,2,,estimated,124380.24,,,,
2026-05-31,567664,3,,estimated,95660.26,,,,
2026-05-31,567664,4,,estimated,71627.58,,,,
2026-05-31,567664,5,,estimated,57123.6,,,,
2026-05-31,567664,6,,estimated,47390.06,,,,
2026-05-31,567664,7,,estimated,41462.26,,,,
2026-05-31,567664,8,,estimated,40011.08,,,,
2026-05-31,567664,9,,estimated,34835.39,,,,
2026-05-31,567664,10,,estimated,32174.91,,,,
2026-05-31,567664,11,,estimated,30528.38,,,,
2026-05-31,567664,12,,estimated,27953.81,,,,
2026-05-31,567664,13,,estimated,26684.4,,,,
2026-05-31,567664,14,,estimated,25316.65,,,,
2026-05-31,567664,15,,estimated,24430.57,,,,
2026-05-31,567664,16,,estimated,23533.96,,,,
2026-05-31,567664,17,,estimated,22657.28,,,,
2026-05-31,567664,18,,estimated,21864.27,,,,
2026-05-31,567664,19,,estimated,21099.02,,,,
2026-05-31,567664,20,,estimated,19827.7,,,,
2026-05-31,567665,1,,estimated,113129.87,,,,
2026-05-31,567665,2,,estimated,79669.65,,,,
2026-05-31,567665,3,,estimated,65690.92,,,,
2026-05-31,567665,4,,estimated,60119.81,,,,
2026-05-31,567665,5,,estimated,57003.02,,,,
2026-05-31,567665,6,,estimated,52589.93,,,,
2026-05-31,567665,7,,estimated,48806.75,,,,
2026-05-31,567665,8,,estimated,47098.52,,,,
2026-05-31,567665,9,,estimated,45450.07,,,,
2026-05-31,567665,10,,estimated,43859.32,,,,
2026-05-31,567665,11,,estimated,42324.24,,,,
2026-05-31,567665,12,,estimated,40842.89,,,,
2026-05-31,567665,13,,estimated,38530.06,,,,
2026-05-31,567665,14,,estimated,37181.51,,,,
2026-05-31,567665,15,,estimated,35880.16,,,,
2026-05-31,567665,16,,estimated,34624.35,,,,
2026-05-31,567665,17,,estimated,33412.5,,,,
2026-05-31,567665,18,,estimated,26826.48,,,,
2026-05-31,567665,19,,estimated,25887.56,,,,
2026-05-31,567665,20,,estimated,24981.49,,,,
