name,start_date,end_date
zero-five,2017-01-05,2017-01-05
zero-five,2017-01-10,2017-01-10
zero-five,2017-01-15,2017-01-15
zero-five,2017-01-20,2017-01-20
zero-five,2017-01-25,2017-01-25
zero-five,2017-01-30,2017-01-30
zero-five,2017-02-05,2017-02-05
zero-five,2017-02-10,2017-02-10
zero-five,2017-02-15,2017-02-15
zero-five,2017-02-20,2017-02-20
zero-five,2017-02-25,2017-02-25
supersale,2017-03-04,2017-03-11
zero-five,2017-03-05,2017-03-05
zero-five,2017-03-10,2017-03-10
zero-five,2017-03-15,2017-03-15
zero-five,2017-03-20,2017-03-20
zero-five,2017-03-25,2017-03-25
zero-five,2017-03-30,2017-03-30
zero-five,2017-04-05,2017-04-05
zero-five,2017-04-10,2017-04-10
zero-five,2017-04-15,2017-04-15
zero-five,2017-04-20,2017-04-20
zero-five,2017-04-25,2017-04-25
zero-five,2017-04-30,2017-04-30
zero-five,2017-05-05,2017-05-05
zero-five,2017-05-10,2017-05-10
zero-five,2017-05-15,2017-05-15
zero-five,2017-05-20,2017-05-20
zero-five,2017-05-25,2017-05-25
zero-five,2017-05-30,2017-05-30
supersale,2017-06-04,2017-06-11
zero-five,2017-06-05,2017-06-05
zero-five,2017-06-10,2017-06-10
zero-five,2017-06-15,2017-06-15
zero-five,2017-06-20,2017-06-20
zero-five,2017-06-25,2017-06-25
zero-five,2017-06-30,2017-06-30
zero-five,2017-07-05,2017-07-05
zero-five,2017-07-10,2017-07-10
zero-five,2017-07-15,2017-07-15
zero-five,2017-07-20,2017-07-20
zero-five,2017-07-25,2017-07-25
zero-five,2017-07-30,2017-07-30
zero-five,2017-08-05,2017-08-05
zero-five,2017-08-10,2017-08-10
zero-five,2017-08-15,2017-08-15
zero-five,2017-08-20,2017-08-20
zero-five,2017-08-25,2017-08-25
zero-five,2017-08-30,2017-08-30
supersale,2017-09-04,2017-09-11
zero-five,2017-09-05,2017-09-05
zero-five,2017-09-10,2017-09-10
zero-five,2017-09-15,2017-09-15
zero-five,2017-09-20,2017-09-20
zero-five,2017-09-25,2017-09-25
zero-five,2017-09-30,2017-09-30
zero-five,2017-10-05,2017-10-05
zero-five,2017-10-10,2017-10-10
zero-five,2017-10-15,2017-10-15
zero-five,2017-10-20,2017-10-20
zero-five,2017-10-25,2017-10-25
zero-five,2017-10-30,2017-10-30
zero-five,2017-11-05,2017-11-05
zero-five,2017-11-10,2017-11-10
zero-five,2017-11-15,2017-11-15
zero-five,2017-11-20,2017-11-20
zero-five,2017-11-25,2017-11-25
zero-five,2017-11-30,2017-11-30
supersale,2017-12-04,2021-11-30
zero-five,2017-12-05,2017-12-05
zero-five,2017-12-10,2017-12-10
zero-five,2017-12-15,2017-12-15
zero-five,2017-12-20,2017-12-20
zero-five,2017-12-25,2017-12-25
zero-five,2017-12-30,2017-12-30
zero-five,2018-01-05,2018-01-05
marathon,2018-01-06,2018-01-11
zero-five,2018-01-10,2018-01-10
zero-five,2018-01-15,2018-01-15
zero-five,2018-01-20,2018-01-20
zero-five,2018-01-25,2018-01-25
zero-five,2018-01-30,2018-01-30
marathon,2018-02-03,2018-02-09
zero-five,2018-02-05,2018-02-05
zero-five,2018-02-10,2018-02-10
zero-five,2018-02-15,2018-02-15
zero-five,2018-02-20,2018-02-20
zero-five,2018-02-25,2018-02-25
supersale,2018-03-03,2018-03-08
supersale,2018-03-04,2018-03-11
zero-five,2018-03-05,2018-03-05
zero-five,2018-03-10,2018-03-10
zero-five,2018-03-15,2018-03-15
zero-five,2018-03-20,2018-03-20
marathon,2018-03-24,2018-03-29
zero-five,2018-03-25,2018-03-25
zero-five,2018-03-30,2018-03-30
zero-five,2018-04-05,2018-04-05
zero-five,2018-04-10,2018-04-10
marathon,2018-04-14,2018-04-20
zero-five,2018-04-15,2018-04-15
zero-five,2018-04-20,2018-04-20
zero-five,2018-04-25,2018-04-25
zero-five,2018-04-30,2018-04-30
zero-five,2018-05-05,2018-05-05
zero-five,2018-05-10,2018-05-10
marathon,2018-05-12,2018-05-17
zero-five,2018-05-15,2018-05-15
zero-five,2018-05-20,2018-05-20
zero-five,2018-05-25,2018-05-25
barcelona,2018-05-25,2018-05-30
zero-five,2018-05-30,2018-05-30
supersale,2018-06-04,2018-06-11
zero-five,2018-06-05,2018-06-05
zero-five,2018-06-10,2018-06-10
supersale,2018-06-14,2018-06-21
zero-five,2018-06-15,2018-06-15
zero-five,2018-06-20,2018-06-20
zero-five,2018-06-25,2018-06-25
marathon,2018-06-26,2018-06-30
zero-five,2018-06-30,2018-06-30
zero-five,2018-07-05,2018-07-05
zero-five,2018-07-10,2018-07-10
marathon,2018-07-14,2018-07-21
zero-five,2018-07-15,2018-07-15
zero-five,2018-07-20,2018-07-20
zero-five,2018-07-25,2018-07-25
zero-five,2018-07-30,2018-07-30
marathon,2018-08-04,2018-08-09
zero-five,2018-08-05,2018-08-05
zero-five,2018-08-10,2018-08-10
zero-five,2018-08-15,2018-08-15
zero-five,2018-08-20,2018-08-20
zero-five,2018-08-25,2018-08-25
zero-five,2018-08-30,2018-08-30
supersale,2018-09-04,2018-09-11
zero-five,2018-09-05,2018-09-05
zero-five,2018-09-10,2018-09-10
zero-five,2018-09-15,2018-09-15
zero-five,2018-09-20,2018-09-20
marathon,2018-09-21,2018-09-26
zero-five,2018-09-25,2018-09-25
zero-five,2018-09-30,2018-09-30
user-ranking,2018-10-03,2018-10-03
zero-five,2018-10-05,2018-10-05
marathon,2018-10-05,2018-10-11
user-ranking,2018-10-10,2018-10-10
zero-five,2018-10-10,2018-10-10
point-up,2018-10-13,2018-10-14
zero-five,2018-10-15,2018-10-15
user-ranking,2018-10-17,2018-10-17
eagles,2018-10-19,2018-10-23
zero-five,2018-10-20,2018-10-20
user-ranking,2018-10-24,2018-10-24
zero-five,2018-10-25,2018-10-25
zero-five,2018-10-30,2018-10-30
user-ranking,2018-10-31,2018-10-31
marathon,2018-11-04,2018-11-10
zero-five,2018-11-05,2018-11-05
zero-five,2018-11-10,2018-11-10
singles-day,2018-11-11,2018-11-11
zero-five,2018-11-15,2018-11-15
zero-five,2018-11-20,2018-11-20
black-friday,2018-11-23,2018-11-26
zero-five,2018-11-25,2018-11-25
zero-five,2018-11-30,2018-11-30
supersale,2018-12-04,2018-12-11
zero-five,2018-12-05,2018-12-05
zero-five,2018-12-10,2018-12-10
point-up,2018-12-11,2018-12-14
point-back,2018-12-14,2018-12-17
zero-five,2018-12-15,2018-12-15
zero-five,2018-12-20,2018-12-20
thank-you,2018-12-20,2018-12-26
zero-five,2018-12-25,2018-12-25
zero-five,2018-12-30,2018-12-30
zero-five,2019-01-05,2019-01-05
marathon,2019-01-09,2019-01-16
zero-five,2019-01-10,2019-01-10
zero-five,2019-01-15,2019-01-15
zero-five,2019-01-20,2019-01-20
marathon,2019-01-24,2019-01-28
zero-five,2019-01-25,2019-01-25
zero-five,2019-01-30,2019-01-30
zero-five,2019-02-05,2019-02-05
point-up,2019-02-06,2019-02-08
marathon,2019-02-09,2019-02-16
zero-five,2019-02-10,2019-02-10
zero-five,2019-02-15,2019-02-15
zero-five,2019-02-20,2019-02-20
point-back,2019-02-21,2019-02-24
zero-five,2019-02-25,2019-02-25
supersale,2019-03-04,2019-03-11
zero-five,2019-03-05,2019-03-05
zero-five,2019-03-10,2019-03-10
zero-five,2019-03-15,2019-03-15
point-up,2019-03-16,2019-03-18
zero-five,2019-03-20,2019-03-20
marathon,2019-03-21,2019-03-26
zero-five,2019-03-25,2019-03-25
zero-five,2019-03-30,2019-03-30
zero-five,2019-04-05,2019-04-05
marathon,2019-04-09,2019-04-16
zero-five,2019-04-10,2019-04-10
zero-five,2019-04-15,2019-04-15
zero-five,2019-04-20,2019-04-20
marathon,2019-04-22,2019-04-26
zero-five,2019-04-25,2019-04-25
zero-five,2019-04-30,2019-04-30
zero-five,2019-05-05,2019-05-05
point-up,2019-05-06,2019-05-09
zero-five,2019-05-10,2019-05-10
marathon,2019-05-11,2019-05-18
zero-five,2019-05-15,2019-05-15
zero-five,2019-05-20,2019-05-20
zero-five,2019-05-25,2019-05-25
zero-five,2019-05-30,2019-05-30
supersale,2019-06-04,2019-06-11
zero-five,2019-06-05,2019-06-05
zero-five,2019-06-10,2019-06-10
zero-five,2019-06-15,2019-06-15
user-ranking,2019-06-16,2019-06-18
zero-five,2019-06-20,2019-06-20
marathon,2019-06-21,2019-06-26
zero-five,2019-06-25,2019-06-25
zero-five,2019-06-30,2019-06-30
marathon,2019-07-04,2019-07-11
zero-five,2019-07-05,2019-07-05
zero-five,2019-07-10,2019-07-10
zero-five,2019-07-15,2019-07-15
zero-five,2019-07-20,2019-07-20
marathon,2019-07-21,2019-07-26
zero-five,2019-07-25,2019-07-25
zero-five,2019-07-30,2019-07-30
marathon,2019-08-04,2019-08-09
zero-five,2019-08-05,2019-08-05
zero-five,2019-08-10,2019-08-10
zero-five,2019-08-15,2019-08-15
user-ranking,2019-08-16,2019-08-18
zero-five,2019-08-20,2019-08-20
zero-five,2019-08-25,2019-08-25
zero-five,2019-08-30,2019-08-30
supersale,2019-09-04,2019-09-11
zero-five,2019-09-05,2019-09-05
zero-five,2019-09-10,2019-09-10
zero-five,2019-09-15,2019-09-15
marathon,2019-09-19,2019-09-24
zero-five,2019-09-20,2019-09-20
zero-five,2019-09-25,2019-09-25
zero-five,2019-09-30,2019-09-30
marathon,2019-10-04,2019-10-11
zero-five,2019-10-05,2019-10-05
zero-five,2019-10-10,2019-10-10
point-up,2019-10-11,2019-10-14
zero-five,2019-10-15,2019-10-15
zero-five,2019-10-20,2019-10-20
eagles,2019-10-23,2019-10-29
zero-five,2019-10-25,2019-10-25
zero-five,2019-10-30,2019-10-30
marathon,2019-11-04,2019-11-10
zero-five,2019-11-05,2019-11-05
zero-five,2019-11-10,2019-11-10
singles-day,2019-11-11,2019-11-11
zero-five,2019-11-15,2019-11-15
marathon,2019-11-19,2019-11-26
zero-five,2019-11-20,2019-11-20
zero-five,2019-11-25,2019-11-25
black-friday,2019-11-28,2019-11-30
zero-five,2019-11-30,2019-11-30
supersale,2019-12-04,2019-12-11
zero-five,2019-12-05,2019-12-05
zero-five,2019-12-10,2019-12-10
point-back,2019-12-14,2019-12-18
zero-five,2019-12-15,2019-12-15
thanks-giving,2019-12-19,2019-12-26
zero-five,2019-12-20,2019-12-20
zero-five,2019-12-25,2019-12-25
zero-five,2019-12-30,2019-12-30
newyear-sale,2020-01-01,2020-01-05
zero-five,2020-01-05,2020-01-05
marathon,2020-01-09,2020-01-16
zero-five,2020-01-10,2020-01-10
zero-five,2020-01-15,2020-01-15
zero-five,2020-01-20,2020-01-20
marathon,2020-01-24,2020-01-28
zero-five,2020-01-25,2020-01-25
zero-five,2020-01-30,2020-01-30
zero-five,2020-02-05,2020-02-05
marathon,2020-02-09,2020-02-16
zero-five,2020-02-10,2020-02-10
zero-five,2020-02-15,2020-02-15
zero-five,2020-02-20,2020-02-20
zero-five,2020-02-25,2020-02-25
supersale,2020-03-04,2020-03-11
zero-five,2020-03-05,2020-03-05
zero-five,2020-03-10,2020-03-10
zero-five,2020-03-15,2020-03-15
ichiba-day,2020-03-18,2020-03-18
zero-five,2020-03-20,2020-03-20
marathon,2020-03-21,2020-03-26
zero-five,2020-03-25,2020-03-25
zero-five,2020-03-30,2020-03-30
zero-five,2020-04-05,2020-04-05
marathon,2020-04-09,2020-04-16
zero-five,2020-04-10,2020-04-10
zero-five,2020-04-15,2020-04-15
ichiba-day,2020-04-18,2020-04-18
zero-five,2020-04-20,2020-04-20
marathon,2020-04-23,2020-04-28
zero-five,2020-04-25,2020-04-25
zero-five,2020-04-30,2020-04-30
zero-five,2020-05-05,2020-05-05
marathon,2020-05-09,2020-05-16
zero-five,2020-05-10,2020-05-10
zero-five,2020-05-15,2020-05-15
ichiba-day,2020-05-18,2020-05-18
zero-five,2020-05-20,2020-05-20
marathon,2020-05-24,2020-05-28
zero-five,2020-05-25,2020-05-25
zero-five,2020-05-30,2020-05-30
supersale,2020-06-04,2020-06-11
zero-five,2020-06-05,2020-06-05
zero-five,2020-06-10,2020-06-10
zero-five,2020-06-15,2020-06-15
ichiba-day,2020-06-18,2020-06-18
zero-five,2020-06-20,2020-06-20
marathon,2020-06-21,2020-06-26
zero-five,2020-06-25,2020-06-25
zero-five,2020-06-30,2020-06-30
marathon,2020-07-04,2020-07-11
zero-five,2020-07-05,2020-07-05
zero-five,2020-07-10,2020-07-10
zero-five,2020-07-15,2020-07-15
ichiba-day,2020-07-18,2020-07-18
marathon,2020-07-19,2020-07-26
zero-five,2020-07-20,2020-07-20
zero-five,2020-07-25,2020-07-25
zero-five,2020-07-30,2020-07-30
marathon,2020-08-04,2020-08-11
zero-five,2020-08-05,2020-08-05
zero-five,2020-08-10,2020-08-10
zero-five,2020-08-15,2020-08-15
ichiba-day,2020-08-18,2020-08-18
marathon,2020-08-19,2020-08-26
zero-five,2020-08-20,2020-08-20
zero-five,2020-08-25,2020-08-25
zero-five,2020-08-30,2020-08-30
supersale,2020-09-04,2020-09-11
zero-five,2020-09-05,2020-09-05
zero-five,2020-09-10,2020-09-10
zero-five,2020-09-15,2020-09-15
ichiba-day,2020-09-18,2020-09-18
zero-five,2020-09-20,2020-09-20
marathon,2020-09-21,2020-09-26
zero-five,2020-09-25,2020-09-25
zero-five,2020-09-30,2020-09-30
marathon,2020-10-04,2020-10-11
zero-five,2020-10-05,2020-10-05
zero-five,2020-10-10,2020-10-10
zero-five,2020-10-15,2020-10-15
ichiba-day,2020-10-18,2020-10-18
zero-five,2020-10-20,2020-10-20
zero-five,2020-10-25,2020-10-25
zero-five,2020-10-30,2020-10-30
marathon,2020-11-04,2020-11-10
zero-five,2020-11-05,2020-11-05
zero-five,2020-11-10,2020-11-10
singles-day,2020-11-11,2020-11-11
zero-five,2020-11-15,2020-11-15
ichiba-day,2020-11-18,2020-11-18
black-friday,2020-11-19,2020-11-24
zero-five,2020-11-20,2020-11-20
zero-five,2020-11-25,2020-11-25
eagles,2020-11-27,2020-11-30
zero-five,2020-11-30,2020-11-30
supersale,2020-12-04,2020-12-11
zero-five,2020-12-05,2020-12-05
zero-five,2020-12-10,2020-12-10
point-back,2020-12-14,2020-12-18
zero-five,2020-12-15,2020-12-15
ichiba-day,2020-12-18,2020-12-18
thank-you,2020-12-19,2020-12-26
zero-five,2020-12-20,2020-12-20
zero-five,2020-12-25,2020-12-25
zero-five,2020-12-30,2020-12-30
point-back,2021-01-01,2021-01-03
zero-five,2021-01-05,2021-01-05
marathon,2021-01-09,2021-01-16
zero-five,2021-01-10,2021-01-10
zero-five,2021-01-15,2021-01-15
ichiba-day,2021-01-18,2021-01-18
zero-five,2021-01-20,2021-01-20
marathon,2021-01-24,2021-01-28
zero-five,2021-01-25,2021-01-25
zero-five,2021-01-30,2021-01-30
marathon,2021-02-04,2021-02-11
zero-five,2021-02-05,2021-02-05
zero-five,2021-02-10,2021-02-10
zero-five,2021-02-15,2021-02-15
ichiba-day,2021-02-18,2021-02-18
zero-five,2021-02-20,2021-02-20
zero-five,2021-02-25,2021-02-25
supersale,2021-03-04,2021-03-11
zero-five,2021-03-05,2021-03-05
zero-five,2021-03-10,2021-03-10
zero-five,2021-03-15,2021-03-15
ichiba-day,2021-03-18,2021-03-18
zero-five,2021-03-20,2021-03-20
marathon,2021-03-21,2021-03-28
zero-five,2021-03-25,2021-03-25
zero-five,2021-03-30,2021-03-30
zero-five,2021-04-05,2021-04-05
marathon,2021-04-09,2021-04-16
zero-five,2021-04-10,2021-04-10
zero-five,2021-04-15,2021-04-15
ichiba-day,2021-04-18,2021-04-18
zero-five,2021-04-20,2021-04-20
marathon,2021-04-23,2021-04-28
zero-five,2021-04-25,2021-04-25
zero-five,2021-04-30,2021-04-30
zero-five,2021-05-05,2021-05-05
marathon,2021-05-09,2021-05-16
zero-five,2021-05-10,2021-05-10
zero-five,2021-05-15,2021-05-15
ichiba-day,2021-05-18,2021-05-18
zero-five,2021-05-20,2021-05-20
marathon,2021-05-23,2021-05-27
zero-five,2021-05-25,2021-05-25
zero-five,2021-05-30,2021-05-30
supersale,2021-06-04,2021-06-11
zero-five,2021-06-05,2021-06-05
zero-five,2021-06-10,2021-06-10
zero-five,2021-06-15,2021-06-15
ichiba-day,2021-06-18,2021-06-18
zero-five,2021-06-20,2021-06-20
marathon,2021-06-22,2021-06-26
zero-five,2021-06-25,2021-06-25
zero-five,2021-06-30,2021-06-30
marathon,2021-07-04,2021-07-11
zero-five,2021-07-05,2021-07-05
zero-five,2021-07-10,2021-07-10
zero-five,2021-07-15,2021-07-15
ichiba-day,2021-07-18,2021-07-18
marathon,2021-07-19,2021-07-26
zero-five,2021-07-20,2021-07-20
zero-five,2021-07-25,2021-07-25
zero-five,2021-07-30,2021-07-30
marathon,2021-08-04,2021-08-11
zero-five,2021-08-05,2021-08-05
zero-five,2021-08-10,2021-08-10
zero-five,2021-08-15,2021-08-15
ichiba-day,2021-08-18,2021-08-18
zero-five,2021-08-20,2021-08-20
zero-five,2021-08-25,2021-08-25
zero-five,2021-08-30,2021-08-30
supersale,2021-09-04,2021-09-11
zero-five,2021-09-05,2021-09-05
zero-five,2021-09-10,2021-09-10
zero-five,2021-09-15,2021-09-15
ichiba-day,2021-09-18,2021-09-18
marathon,2021-09-19,2021-09-24
zero-five,2021-09-20,2021-09-20
zero-five,2021-09-25,2021-09-25
zero-five,2021-09-30,2021-09-30
marathon,2021-10-04,2021-10-11
zero-five,2021-10-05,2021-10-05
zero-five,2021-10-10,2021-10-10
zero-five,2021-10-15,2021-10-15
ichiba-day,2021-10-18,2021-10-18
zero-five,2021-10-20,2021-10-20
zero-five,2021-10-25,2021-10-25
zero-five,2021-10-30,2021-10-30
marathon,2021-11-04,2021-11-11
zero-five,2021-11-05,2021-11-05
zero-five,2021-11-10,2021-11-10
singles-day,2021-11-11,2021-11-11
zero-five,2021-11-15,2021-11-15
ichiba-day,2021-11-18,2021-11-18
black-friday,2021-11-18,2021-11-23
zero-five,2021-11-20,2021-11-20
eagles,2021-11-24,2021-11-26
zero-five,2021-11-25,2021-11-25
zero-five,2021-11-30,2021-11-30
wonderful-day,2021-12-01,2021-12-01
supersale,2021-12-04,2021-12-11
zero-five,2021-12-05,2021-12-05
zero-five,2021-12-10,2021-12-10
point-back,2021-12-13,2021-12-17
zero-five,2021-12-15,2021-12-15
ichiba-day,2021-12-18,2021-12-18
thank-you,2021-12-19,2021-12-26
zero-five,2021-12-20,2021-12-20
zero-five,2021-12-25,2021-12-25
zero-five,2021-12-30,2021-12-30
event,2022-01-01,2022-01-31
fashionthesale,2022-01-01,2022-01-14
wonderful-day,2022-01-01,2022-01-01
zero-five,2022-01-05,2022-01-05
marathon,2022-01-09,2022-01-16
zero-five,2022-01-10,2022-01-10
zero-five,2022-01-15,2022-01-15
ichiba-day,2022-01-18,2022-01-18
zero-five,2022-01-20,2022-01-20
marathon,2022-01-24,2022-01-28
zero-five,2022-01-25,2022-01-25
zero-five,2022-01-30,2022-01-30
event,2022-02-01,2022-02-28
wonderful-day,2022-02-01,2022-02-01
marathon,2022-02-04,2022-02-11
zero-five,2022-02-05,2022-02-05
zero-five,2022-02-10,2022-02-10
zero-five,2022-02-15,2022-02-15
ichiba-day,2022-02-18,2022-02-18
point-back,2022-02-19,2022-02-22
zero-five,2022-02-20,2022-02-20
zero-five,2022-02-25,2022-02-25
wonderful-day,2022-03-01,2022-03-01
supersale,2022-03-04,2022-03-11
zero-five,2022-03-05,2022-03-05
zero-five,2022-03-10,2022-03-10
zero-five,2022-03-15,2022-03-15
ichiba-day,2022-03-18,2022-03-18
zero-five,2022-03-20,2022-03-20
marathon,2022-03-21,2022-03-28
zero-five,2022-03-25,2022-03-25
zero-five,2022-03-30,2022-03-30
wonderful-day,2022-04-01,2022-04-01
zero-five,2022-04-05,2022-04-05
marathon,2022-04-09,2022-04-16
zero-five,2022-04-10,2022-04-10
zero-five,2022-04-15,2022-04-15
ichiba-day,2022-04-18,2022-04-18
zero-five,2022-04-20,2022-04-20
marathon,2022-04-23,2022-04-28
zero-five,2022-04-25,2022-04-25
zero-five,2022-04-30,2022-04-30
wonderful-day,2022-05-01,2022-05-01
zero-five,2022-05-05,2022-05-05
marathon,2022-05-09,2022-05-16
zero-five,2022-05-10,2022-05-10
zero-five,2022-05-15,2022-05-15
ichiba-day,2022-05-18,2022-05-18
zero-five,2022-05-20,2022-05-20
marathon,2022-05-23,2022-05-27
zero-five,2022-05-25,2022-05-25
zero-five,2022-05-30,2022-05-30
wonderful-day,2022-06-01,2022-06-01
supersale,2022-06-04,2022-06-11
zero-five,2022-06-05,2022-06-05
zero-five,2022-06-10,2022-06-10
zero-five,2022-06-15,2022-06-15
ichiba-day,2022-06-18,2022-06-18
zero-five,2022-06-20,2022-06-20
marathon,2022-06-22,2022-06-27
zero-five,2022-06-25,2022-06-25
zero-five,2022-06-30,2022-06-30
wonderful-day,2022-07-01,2022-07-01
marathon,2022-07-04,2022-07-11
zero-five,2022-07-05,2022-07-05
zero-five,2022-07-10,2022-07-10
zero-five,2022-07-15,2022-07-15
ichiba-day,2022-07-18,2022-07-18
marathon,2022-07-19,2022-07-26
zero-five,2022-07-20,2022-07-20
zero-five,2022-07-25,2022-07-25
zero-five,2022-07-30,2022-07-30
wonderful-day,2022-08-01,2022-08-01
marathon,2022-08-04,2022-08-11
zero-five,2022-08-05,2022-08-05
zero-five,2022-08-10,2022-08-10
zero-five,2022-08-15,2022-08-15
ichiba-day,2022-08-18,2022-08-18
39shop,2022-08-19,2022-08-23
zero-five,2022-08-20,2022-08-20
zero-five,2022-08-25,2022-08-25
event,2022-08-27,2022-09-01
zero-five,2022-08-30,2022-08-30
wonderful-day,2022-09-01,2022-09-01
supersale,2022-09-04,2022-09-11
zero-five,2022-09-05,2022-09-05
zero-five,2022-09-10,2022-09-10
zero-five,2022-09-15,2022-09-15
ichiba-day,2022-09-18,2022-09-18
marathon,2022-09-19,2022-09-24
zero-five,2022-09-20,2022-09-20
zero-five,2022-09-25,2022-09-25
event,2022-09-30,2022-10-04
zero-five,2022-09-30,2022-09-30
wonderful-day,2022-10-01,2022-10-01
marathon,2022-10-04,2022-10-11
zero-five,2022-10-05,2022-10-05
zero-five,2022-10-10,2022-10-10
event,2022-10-15,2022-10-30
zero-five,2022-10-15,2022-10-15
ichiba-day,2022-10-18,2022-10-18
zero-five,2022-10-20,2022-10-20
zero-five,2022-10-25,2022-10-25
eagles,2022-10-26,2022-10-28
zero-five,2022-10-30,2022-10-30
wonderful-day,2022-11-01,2022-11-01
marathon,2022-11-04,2022-11-11
zero-five,2022-11-05,2022-11-05
zero-five,2022-11-10,2022-11-10
zero-five,2022-11-15,2022-11-15
ichiba-day,2022-11-18,2022-11-18
zero-five,2022-11-20,2022-11-20
black-friday,2022-11-22,2022-11-27
zero-five,2022-11-25,2022-11-25
zero-five,2022-11-30,2022-11-30
wonderful-day,2022-12-01,2022-12-01
supersale,2022-12-04,2022-12-11
zero-five,2022-12-05,2022-12-05
zero-five,2022-12-10,2022-12-10
point-back,2022-12-13,2022-12-17
zero-five,2022-12-15,2022-12-15
ichiba-day,2022-12-18,2022-12-18
thank-you,2022-12-19,2022-12-26
zero-five,2022-12-20,2022-12-20
zero-five,2022-12-25,2022-12-25
zero-five,2022-12-30,2022-12-30
event,2023-01-01,2023-01-31
fashionthesale,2023-01-01,2023-01-14
zero-five,2023-01-05,2023-01-05
marathon,2023-01-09,2023-01-16
zero-five,2023-01-10,2023-01-10
zero-five,2023-01-15,2023-01-15
ichiba-day,2023-01-18,2023-01-18
zero-five,2023-01-20,2023-01-20
marathon,2023-01-24,2023-01-28
zero-five,2023-01-25,2023-01-25
zero-five,2023-01-30,2023-01-30
event,2023-02-01,2023-02-28
wonderful-day,2023-02-01,2023-02-01
marathon,2023-02-04,2023-02-11
zero-five,2023-02-05,2023-02-05
zero-five,2023-02-10,2023-02-10
zero-five,2023-02-15,2023-02-15
ichiba-day,2023-02-18,2023-02-18
point-back,2023-02-19,2023-02-22
39shop,2023-02-19,2023-02-24
zero-five,2023-02-20,2023-02-20
zero-five,2023-02-25,2023-02-25
wonderful-day,2023-03-01,2023-03-01
supersale,2023-03-04,2023-03-11
zero-five,2023-03-05,2023-03-05
zero-five,2023-03-10,2023-03-10
zero-five,2023-03-15,2023-03-15
ichiba-day,2023-03-18,2023-03-18
zero-five,2023-03-20,2023-03-20
marathon,2023-03-21,2023-03-28
zero-five,2023-03-25,2023-03-25
zero-five,2023-03-30,2023-03-30
wonderful-day,2023-04-01,2023-04-01
zero-five,2023-04-05,2023-04-05
marathon,2023-04-09,2023-04-16
zero-five,2023-04-10,2023-04-10
zero-five,2023-04-15,2023-04-15
ichiba-day,2023-04-18,2023-04-18
zero-five,2023-04-20,2023-04-20
marathon,2023-04-23,2023-04-29
zero-five,2023-04-25,2023-04-25
zero-five,2023-04-30,2023-04-30
wonderful-day,2023-05-01,2023-05-01
zero-five,2023-05-05,2023-05-05
marathon,2023-05-09,2023-05-16
zero-five,2023-05-10,2023-05-10
zero-five,2023-05-15,2023-05-15
ichiba-day,2023-05-18,2023-05-18
zero-five,2023-05-20,2023-05-20
marathon,2023-05-23,2023-05-28
zero-five,2023-05-25,2023-05-25
zero-five,2023-05-30,2023-05-30
wonderful-day,2023-06-01,2023-06-01
supersale,2023-06-04,2023-06-11
zero-five,2023-06-05,2023-06-05
zero-five,2023-06-10,2023-06-10
zero-five,2023-06-15,2023-06-15
ichiba-day,2023-06-18,2023-06-18
zero-five,2023-06-20,2023-06-20
marathon,2023-06-22,2023-06-27
zero-five,2023-06-25,2023-06-25
zero-five,2023-06-30,2023-06-30
wonderful-day,2023-07-01,2023-07-01
fashionthesale,2023-07-01,2023-07-15
marathon,2023-07-04,2023-07-11
zero-five,2023-07-05,2023-07-05
zero-five,2023-07-10,2023-07-10
zero-five,2023-07-15,2023-07-15
ichiba-day,2023-07-18,2023-07-18
marathon,2023-07-19,2023-07-26
zero-five,2023-07-20,2023-07-20
zero-five,2023-07-25,2023-07-25
zero-five,2023-07-30,2023-07-30
wonderful-day,2023-08-01,2023-08-01
marathon,2023-08-04,2023-08-11
zero-five,2023-08-05,2023-08-05
zero-five,2023-08-10,2023-08-10
zero-five,2023-08-15,2023-08-15
ichiba-day,2023-08-18,2023-08-18
zero-five,2023-08-20,2023-08-20
marathon,2023-08-24,2023-08-27
zero-five,2023-08-25,2023-08-25
event,2023-08-27,2023-09-01
zero-five,2023-08-30,2023-08-30
wonderful-day,2023-09-01,2023-09-01
supersale,2023-09-04,2023-09-11
zero-five,2023-09-05,2023-09-05
zero-five,2023-09-10,2023-09-10
zero-five,2023-09-15,2023-09-15
ichiba-day,2023-09-18,2023-09-18
marathon,2023-09-19,2023-09-24
zero-five,2023-09-20,2023-09-20
zero-five,2023-09-25,2023-09-25
event,2023-09-30,2023-10-04
zero-five,2023-09-30,2023-09-30
wonderful-day,2023-10-01,2023-10-01
marathon,2023-10-04,2023-10-09
zero-five,2023-10-05,2023-10-05
zero-five,2023-10-10,2023-10-10
marathon,2023-10-14,2023-10-17
event,2023-10-15,2023-10-30
zero-five,2023-10-15,2023-10-15
ichiba-day,2023-10-18,2023-10-18
zero-five,2023-10-20,2023-10-20
marathon,2023-10-24,2023-10-27
zero-five,2023-10-25,2023-10-25
zero-five,2023-10-30,2023-10-30
wonderful-day,2023-11-01,2023-11-01
marathon,2023-11-04,2023-11-11
zero-five,2023-11-05,2023-11-05
zero-five,2023-11-10,2023-11-10
eagles,2023-11-14,2023-11-16
zero-five,2023-11-15,2023-11-15
ichiba-day,2023-11-18,2023-11-18
zero-five,2023-11-20,2023-11-20
black-friday,2023-11-21,2023-11-27
zero-five,2023-11-25,2023-11-25
zero-five,2023-11-30,2023-11-30
wonderful-day,2023-12-01,2023-12-01
supersale,2023-12-04,2023-12-11
zero-five,2023-12-05,2023-12-05
zero-five,2023-12-10,2023-12-10
point-back,2023-12-13,2023-12-17
zero-five,2023-12-15,2023-12-15
ichiba-day,2023-12-18,2023-12-18
thank-you,2023-12-19,2023-12-26
zero-five,2023-12-20,2023-12-20
zero-five,2023-12-25,2023-12-25
zero-five,2023-12-30,2023-12-30
fashionthesale,2024-01-01,2024-01-14
wonderful-day,2024-01-01,2023-02-01
zero-five,2024-01-05,2024-01-05
marathon,2024-01-09,2024-01-16
zero-five,2024-01-10,2024-01-10
zero-five,2024-01-15,2024-01-15
ichiba-day,2024-01-18,2024-01-18
zero-five,2024-01-20,2024-01-20
marathon,2024-01-24,2024-01-28
zero-five,2024-01-25,2024-01-25
zero-five,2024-01-30,2024-01-30
wonderful-day,2024-02-01,2024-02-01
marathon,2024-02-04,2024-02-10
zero-five,2024-02-05,2024-02-05
zero-five,2024-02-10,2024-02-10
zero-five,2024-02-15,2024-02-15
ichiba-day,2024-02-18,2024-02-18
marathon,2024-02-19,2024-02-23
zero-five,2024-02-20,2024-02-20
zero-five,2024-02-25,2024-02-25
wonderful-day,2024-03-01,2024-03-01
supersale,2024-03-04,2024-03-11
zero-five,2024-03-05,2024-03-05
zero-five,2024-03-10,2024-03-10
zero-five,2024-03-15,2024-03-15
ichiba-day,2024-03-18,2024-03-18
zero-five,2024-03-20,2024-03-20
marathon,2024-03-21,2024-03-27
zero-five,2024-03-25,2024-03-25
zero-five,2024-03-30,2024-03-30
wonderful-day,2024-04-01,2024-04-01
marathon,2024-04-04,2024-04-10
zero-five,2024-04-05,2024-04-05
zero-five,2024-04-10,2024-04-10
marathon,2024-04-14,2024-04-17
zero-five,2024-04-15,2024-04-15
ichiba-day,2024-04-18,2024-04-18
zero-five,2024-04-20,2024-04-20
marathon,2024-04-24,2024-04-27
zero-five,2024-04-25,2024-04-25
zero-five,2024-04-30,2024-04-30
wonderful-day,2024-05-01,2024-05-01
zero-five,2024-05-05,2024-05-05
marathon,2024-05-09,2024-05-16
zero-five,2024-05-10,2024-05-10
zero-five,2024-05-15,2024-05-15
ichiba-day,2024-05-18,2024-05-18
zero-five,2024-05-20,2024-05-20
marathon,2024-05-23,2024-05-27
zero-five,2024-05-25,2024-05-25
zero-five,2024-05-30,2024-05-30
wonderful-day,2024-06-01,2024-06-01
supersale,2024-06-04,2024-06-11
zero-five,2024-06-05,2024-06-05
zero-five,2024-06-10,2024-06-10
zero-five,2024-06-15,2024-06-15
ichiba-day,2024-06-18,2024-06-18
zero-five,2024-06-20,2024-06-20
marathon,2024-06-22,2024-06-26
zero-five,2024-06-25,2024-06-25
zero-five,2024-06-30,2024-06-30
wonderful-day,2024-07-01,2024-07-01
fashionthesale,2024-07-01,2024-07-15
marathon,2024-07-04,2024-07-11
zero-five,2024-07-05,2024-07-05
zero-five,2024-07-10,2024-07-10
zero-five,2024-07-15,2024-07-15
ichiba-day,2024-07-18,2024-07-18
marathon,2024-07-19,2024-07-26
zero-five,2024-07-20,2024-07-20
zero-five,2024-07-25,2024-07-25
zero-five,2024-07-30,2024-07-30
wonderful-day,2024-08-01,2024-08-01
marathon,2024-08-04,2024-08-11
zero-five,2024-08-05,2024-08-05
zero-five,2024-08-10,2024-08-10
zero-five,2024-08-15,2024-08-15
ichiba-day,2024-08-18,2024-08-18
zero-five,2024-08-20,2024-08-20
marathon,2024-08-24,2024-08-27
zero-five,2024-08-25,2024-08-25
zero-five,2024-08-30,2024-08-30
wonderful-day,2024-09-01,2024-09-01
supersale,2024-09-04,2024-09-11
zero-five,2024-09-05,2024-09-05
zero-five,2024-09-10,2024-09-10
zero-five,2024-09-15,2024-09-15
ichiba-day,2024-09-18,2024-09-18
marathon,2024-09-19,2024-09-24
zero-five,2024-09-20,2024-09-20
zero-five,2024-09-25,2024-09-25
zero-five,2024-09-30,2024-09-30
wonderful-day,2024-10-01,2024-10-01
marathon,2024-10-04,2024-10-09
zero-five,2024-10-05,2024-10-05
zero-five,2024-10-10,2024-10-10
marathon,2024-10-14,2024-10-17
zero-five,2024-10-15,2024-10-15
ichiba-day,2024-10-18,2024-10-18
zero-five,2024-10-20,2024-10-20
marathon,2024-10-24,2024-10-27
zero-five,2024-10-25,2024-10-25
zero-five,2024-10-30,2024-10-30
wonderful-day,2024-11-01,2024-11-01
marathon,2024-11-04,2024-11-11
zero-five,2024-11-05,2024-11-05
zero-five,2024-11-10,2024-11-10
eagles,2024-11-14,2024-11-16
zero-five,2024-11-15,2024-11-15
ichiba-day,2024-11-18,2024-11-18
zero-five,2024-11-20,2024-11-20
black-friday,2024-11-21,2024-11-27
zero-five,2024-11-25,2024-11-25
zero-five,2024-11-30,2024-11-30
wonderful-day,2024-12-01,2024-12-01
supersale,2024-12-04,2024-12-11
zero-five,2024-12-05,2024-12-05
zero-five,2024-12-10,2024-12-10
zero-five,2024-12-15,2024-12-15
ichiba-day,2024-12-18,2024-12-18
thank-you,2024-12-19,2024-12-26
zero-five,2024-12-20,2024-12-20
zero-five,2024-12-25,2024-12-25
zero-five,2024-12-30,2024-12-30
fashionthesale,2025-01-01,2025-01-14
wonderful-day,2025-01-01,2023-02-01
zero-five,2025-01-05,2025-01-05
marathon,2025-01-09,2025-01-16
zero-five,2025-01-10,2025-01-10
zero-five,2025-01-15,2025-01-15
ichiba-day,2025-01-18,2025-01-18
zero-five,2025-01-20,2025-01-20
marathon,2025-01-24,2025-01-29
zero-five,2025-01-25,2025-01-25
zero-five,2025-01-30,2025-01-30
wonderful-day,2025-02-01,2025-02-01
marathon,2025-02-04,2025-02-10
zero-five,2025-02-05,2025-02-05
zero-five,2025-02-10,2025-02-10
zero-five,2025-02-15,2025-02-15
ichiba-day,2025-02-18,2025-02-18
marathon,2025-02-19,2025-02-23
zero-five,2025-02-20,2025-02-20
zero-five,2025-02-25,2025-02-25
wonderful-day,2025-03-01,2025-03-01
supersale,2025-03-04,2025-03-11
zero-five,2025-03-05,2025-03-05
zero-five,2025-03-10,2025-03-10
zero-five,2025-03-15,2025-03-15
ichiba-day,2025-03-18,2025-03-18
zero-five,2025-03-20,2025-03-20
marathon,2025-03-21,2025-03-27
zero-five,2025-03-25,2025-03-25
zero-five,2025-03-30,2025-03-30
wonderful-day,2025-04-01,2025-04-01
marathon,2025-04-04,2025-04-11
zero-five,2025-04-05,2025-04-05
zero-five,2025-04-10,2025-04-10
marathon,2025-04-14,2025-04-17
zero-five,2025-04-15,2025-04-15
ichiba-day,2025-04-18,2025-04-18
zero-five,2025-04-20,2025-04-20
marathon,2025-04-24,2025-04-27
zero-five,2025-04-25,2025-04-25
zero-five,2025-04-30,2025-04-30
wonderful-day,2025-05-01,2025-05-01
zero-five,2025-05-05,2025-05-05
marathon,2025-05-09,2025-05-16
zero-five,2025-05-10,2025-05-10
zero-five,2025-05-15,2025-05-15
ichiba-day,2025-05-18,2025-05-18
zero-five,2025-05-20,2025-05-20
marathon,2025-05-23,2025-05-27
zero-five,2025-05-25,2025-05-25
zero-five,2025-05-30,2025-05-30
wonderful-day,2025-06-01,2025-06-01
supersale,2025-06-04,2025-06-11
zero-five,2025-06-05,2025-06-05
zero-five,2025-06-10,2025-06-10
zero-five,2025-06-15,2025-06-15
ichiba-day,2025-06-18,2025-06-18
zero-five,2025-06-20,2025-06-20
marathon,2025-06-22,2025-06-27
zero-five,2025-06-25,2025-06-25
zero-five,2025-06-30,2025-06-30
wonderful-day,2025-07-01,2025-07-01
fashionthesale,2025-07-01,2025-07-15
marathon,2025-07-04,2025-07-11
zero-five,2025-07-05,2025-07-05
zero-five,2025-07-10,2025-07-10
zero-five,2025-07-15,2025-07-15
ichiba-day,2025-07-18,2025-07-18
marathon,2025-07-19,2025-07-26
zero-five,2025-07-20,2025-07-20
zero-five,2025-07-25,2025-07-25
zero-five,2025-07-30,2025-07-30
wonderful-day,2025-08-01,2025-08-01
marathon,2025-08-04,2025-08-11
zero-five,2025-08-05,2025-08-05
zero-five,2025-08-10,2025-08-10
zero-five,2025-08-15,2025-08-15
ichiba-day,2025-08-18,2025-08-18
zero-five,2025-08-20,2025-08-20
marathon,2025-08-24,2025-08-27
zero-five,2025-08-25,2025-08-25
zero-five,2025-08-30,2025-08-30
wonderful-day,2025-09-01,2025-09-01
supersale,2025-09-04,2025-09-11
zero-five,2025-09-05,2025-09-05
zero-five,2025-09-10,2025-09-10
zero-five,2025-09-15,2025-09-15
ichiba-day,2025-09-18,2025-09-18
marathon,2025-09-19,2025-09-24
zero-five,2025-09-20,2025-09-20
zero-five,2025-09-25,2025-09-25
zero-five,2025-09-30,2025-09-30
wonderful-day,2025-10-01,2025-10-01
marathon,2025-10-04,2025-10-09
zero-five,2025-10-05,2025-10-05
zero-five,2025-10-10,2025-10-10
marathon,2025-10-14,2025-10-17
zero-five,2025-10-15,2025-10-15
ichiba-day,2025-10-18,2025-10-18
zero-five,2025-10-20,2025-10-20
marathon,2025-10-24,2025-10-27
zero-five,2025-10-25,2025-10-25
zero-five,2025-10-30,2025-10-30
wonderful-day,2025-11-01,2025-11-01
marathon,2025-11-04,2025-11-11
zero-five,2025-11-05,2025-11-05
zero-five,2025-11-10,2025-11-10
eagles,2025-11-14,2025-11-16
zero-five,2025-11-15,2025-11-15
ichiba-day,2025-11-18,2025-11-18
zero-five,2025-11-20,2025-11-20
black-friday,2025-11-20,2025-11-27
zero-five,2025-11-25,2025-11-25
zero-five,2025-11-30,2025-11-30
wonderful-day,2025-12-01,2025-12-01
supersale,2025-12-04,2025-12-11
zero-five,2025-12-05,2025-12-05
zero-five,2025-12-10,2025-12-10
point-back,2025-12-13,2025-12-17
zero-five,2025-12-15,2025-12-15
ichiba-day,2025-12-18,2025-12-18
thank-you,2025-12-19,2025-12-26
zero-five,2025-12-20,2025-12-20
zero-five,2025-12-25,2025-12-25
zero-five,2025-12-30,2025-12-30
fashionthesale,2026-01-01,2026-01-14
wonderful-day,2026-01-01,2024-02-01
zero-five,2026-01-05,2026-01-05
marathon,2026-01-09,2026-01-16
zero-five,2026-01-10,2026-01-10
zero-five,2026-01-15,2026-01-15
ichiba-day,2026-01-18,2026-01-18
zero-five,2026-01-20,2026-01-20
marathon,2026-01-24,2026-01-29
zero-five,2026-01-25,2026-01-25
zero-five,2026-01-30,2026-01-30
wonderful-day,2026-02-01,2026-02-01
marathon,2026-02-04,2026-02-10
zero-five,2026-02-05,2026-02-05
zero-five,2026-02-10,2026-02-10
zero-five,2026-02-15,2026-02-15
ichiba-day,2026-02-18,2026-02-18
marathon,2026-02-19,2026-02-23
zero-five,2026-02-20,2026-02-20
zero-five,2026-02-25,2026-02-25
wonderful-day,2026-03-01,2026-03-01
supersale,2026-03-04,2026-03-11
zero-five,2026-03-05,2026-03-05
zero-five,2026-03-10,2026-03-10
zero-five,2026-03-15,2026-03-15
ichiba-day,2026-03-18,2026-03-18
zero-five,2026-03-20,2026-03-20
marathon,2026-03-20,2026-03-26
zero-five,2026-03-25,2026-03-25
zero-five,2026-03-30,2026-03-30
wonderful-day,2026-04-01,2026-04-01
fathers-day,2026-04-04,2026-04-11
marathon,2026-04-04,2026-04-10
mothers-day,2026-04-04,2026-04-11
zero-five,2026-04-05,2026-04-05
zero-five,2026-04-10,2026-04-10
marathon,2026-04-14,2026-04-17
zero-five,2026-04-15,2026-04-15
ichiba-day,2026-04-18,2026-04-18
zero-five,2026-04-20,2026-04-20
marathon,2026-04-24,2026-04-27
zero-five,2026-04-25,2026-04-25
zero-five,2026-04-30,2026-04-30
wonderful-day,2026-05-01,2026-05-01
zero-five,2026-05-05,2026-05-05
marathon,2026-05-09,2026-05-16
zero-five,2026-05-10,2026-05-10
zero-five,2026-05-15,2026-05-15
ichiba-day,2026-05-18,2026-05-18
zero-five,2026-05-20,2026-05-20
marathon,2026-05-23,2026-05-27
zero-five,2026-05-25,2026-05-25
zero-five,2026-05-30,2026-05-30
wonderful-day,2026-06-01,2026-06-01
supersale,2026-06-04,2026-06-11
zero-five,2026-06-05,2026-06-05
zero-five,2026-06-10,2026-06-10
zero-five,2026-06-15,2026-06-15
ichiba-day,2026-06-18,2026-06-18
zero-five,2026-06-20,2026-06-20
marathon,2026-06-22,2026-06-27
zero-five,2026-06-25,2026-06-25
zero-five,2026-06-30,2026-06-30
wonderful-day,2026-07-01,2026-07-01
fashionthesale,2026-07-01,2026-07-15
marathon,2026-07-04,2026-07-11
zero-five,2026-07-05,2026-07-05
zero-five,2026-07-10,2026-07-10
zero-five,2026-07-15,2026-07-15
ichiba-day,2026-07-18,2026-07-18
marathon,2026-07-19,2026-07-26
zero-five,2026-07-20,2026-07-20
zero-five,2026-07-25,2026-07-25
zero-five,2026-07-30,2026-07-30
wonderful-day,2026-08-01,2026-08-01
marathon,2026-08-04,2026-08-11
zero-five,2026-08-05,2026-08-05
zero-five,2026-08-10,2026-08-10
zero-five,2026-08-15,2026-08-15
ichiba-day,2026-08-18,2026-08-18
zero-five,2026-08-20,2026-08-20
marathon,2026-08-24,2026-08-27
zero-five,2026-08-25,2026-08-25
zero-five,2026-08-30,2026-08-30
wonderful-day,2026-09-01,2026-09-01
supersale,2026-09-04,2026-09-11
zero-five,2026-09-05,2026-09-05
zero-five,2026-09-10,2026-09-10
zero-five,2026-09-15,2026-09-15
ichiba-day,2026-09-18,2026-09-18
marathon,2026-09-19,2026-09-24
zero-five,2026-09-20,2026-09-20
zero-five,2026-09-25,2026-09-25
zero-five,2026-09-30,2026-09-30
wonderful-day,2026-10-01,2026-10-01
marathon,2026-10-04,2026-10-09
zero-five,2026-10-05,2026-10-05
zero-five,2026-10-10,2026-10-10
marathon,2026-10-14,2026-10-17
zero-five,2026-10-15,2026-10-15
ichiba-day,2026-10-18,2026-10-18
zero-five,2026-10-20,2026-10-20
marathon,2026-10-24,2026-10-27
zero-five,2026-10-25,2026-10-25
zero-five,2026-10-30,2026-10-30
wonderful-day,2026-11-01,2026-11-01
marathon,2026-11-04,2026-11-11
zero-five,2026-11-05,2026-11-05
zero-five,2026-11-10,2026-11-10
eagles,2026-11-14,2026-11-16
zero-five,2026-11-15,2026-11-15
ichiba-day,2026-11-18,2026-11-18
zero-five,2026-11-20,2026-11-20
black-friday,2026-11-20,2026-11-27
zero-five,2026-11-25,2026-11-25
zero-five,2026-11-30,2026-11-30
wonderful-day,2026-12-01,2026-12-01
supersale,2026-12-04,2026-12-11
zero-five,2026-12-05,2026-12-05
zero-five,2026-12-10,2026-12-10
point-back,2026-12-13,2026-12-17
zero-five,2026-12-15,2026-12-15
ichiba-day,2026-12-18,2026-12-18
thank-you,2026-12-19,2026-12-26
zero-five,2026-12-20,2026-12-20
zero-five,2026-12-25,2026-12-25
zero-five,2026-12-30,2026-12-30
